{
  "train_loss": [
    1.8062421537867415,
    1.7309268419013837,
    1.741274904097763,
    1.7547030862713673,
    1.783552124313007,
    1.785429901142085,
    1.7873843673529857,
    1.7824837921624677,
    1.7755723034669668,
    1.7896312814891497,
    1.8001595518733269,
    1.8061934749248187,
    1.7871607445883364,
    1.7836839813160068,
    1.7749219167615453,
    1.760155979829115,
    1.775035357345312,
    1.7715399038405586,
    1.8092932004224587,
    1.8580438052200812,
    1.7862900203136478,
    1.7454212272294138,
    1.6964353629001474,
    1.6901875245269224,
    1.6910936919797244,
    1.725357065700178,
    1.700360952809455,
    1.6923596652863455,
    1.6931462443583842,
    1.6913480331536512,
    1.669390601493628,
    1.681155981379776,
    1.6665138602550305,
    1.6897126728041039,
    1.662105869524454,
    1.6632991312718688,
    1.7177065721478955,
    1.6618411482795499,
    1.6449144495292463,
    1.643629494641116,
    1.5965206741397464,
    1.5846613243130525,
    1.569752002555198,
    1.5661480497240112,
    1.556351705653518,
    1.5350975704127021,
    1.5220901773622815,
    1.5189441201673095,
    1.5066709048477753,
    1.4878710684468819,
    1.4810383958524713,
    1.4702525439928282,
    1.4691625714778884,
    1.4728910198778304,
    1.4721681912348894,
    1.4735871186957816,
    1.4533192228907592,
    1.4651258920953565,
    1.4525443169658476,
    1.4431923833696094,
    1.397579305769807,
    1.3908100391320415,
    1.3895837984188844,
    1.3882112532411643,
    1.3769319708642505,
    1.3762774787860281,
    1.3756991476018487,
    1.3752344347161471,
    1.363544403697664,
    1.356590696738113,
    1.3521846194406357,
    1.3462434422197969,
    1.349516990308979,
    1.334868585231389,
    1.3354916583684313,
    1.323017740842781,
    1.3325626552917351,
    1.3174563465993643,
    1.3075746237260126,
    1.3043950875634822
  ],
  "train_acc": [
    0.30779406317794594,
    0.3451505370654532,
    0.33477961796920475,
    0.3348325308217366,
    0.32245092332927666,
    0.3273718186147415,
    0.32440869887295626,
    0.3272130800571459,
    0.3234562675273824,
    0.3237208317900418,
    0.3136144769564527,
    0.31615429387798294,
    0.3158368167627917,
    0.3289592041906979,
    0.33313931954071646,
    0.3369490449230118,
    0.33197523678501506,
    0.33292766813058894,
    0.3274247314672734,
    0.3134028255463252,
    0.3288004656331023,
    0.35541563045663793,
    0.372559394676967,
    0.37621038150166675,
    0.3816604053124504,
    0.3586962273136145,
    0.3813429281972591,
    0.37912058839092017,
    0.3750462987459654,
    0.37785067993015503,
    0.38578760780993704,
    0.37959680406370705,
    0.3861579977776602,
    0.3755754272712842,
    0.3854172178422139,
    0.38324779088840677,
    0.3660511138155458,
    0.386263823482724,
    0.3935657971321234,
    0.3931424943118684,
    0.4094396528916874,
    0.4192285306100852,
    0.41790570929678816,
    0.4245198158632732,
    0.43071061960950313,
    0.442668924281708,
    0.4514524578020001,
    0.4472723424519816,
    0.45214032488491457,
    0.4635695010318006,
    0.46404571670458755,
    0.4688607862849886,
    0.47425789724324036,
    0.4688607862849886,
    0.46674427218371345,
    0.4661622308058627,
    0.47695645272236625,
    0.4728821630774115,
    0.4715593417641145,
    0.47531615429387797,
    0.4914545743161014,
    0.4954230382559924,
    0.4967458595692894,
    0.5000793692787978,
    0.5001322821313297,
    0.5001851949838616,
    0.5029366633155193,
    0.5012434520344992,
    0.5075400814857929,
    0.5114027197206201,
    0.5139954494946822,
    0.5175406106143182,
    0.5176993491719138,
    0.5235197629504207,
    0.5301338695169057,
    0.5320916450605853,
    0.5337319434890735,
    0.5429916926821525,
    0.5425683898618975,
    0.5434679083549394
  ],
  "val_loss": [
    1.8441041146942307,
    1.655069731133197,
    1.809482757059319,
    1.7887698592944332,
    2.043808485521715,
    1.8484676360725065,
    1.7677852284446807,
    1.7833531911870704,
    1.7971104996000509,
    1.789160404902925,
    1.7936641934473592,
    1.7794182598498496,
    1.7408254906770566,
    1.8058861553494174,
    1.7404882966538804,
    1.7533464933602858,
    1.7181542791680788,
    1.8318883516027797,
    2.051584571196753,
    1.856286808879965,
    1.8017775342366087,
    1.749101173404741,
    1.6783983126983668,
    1.6898006345612515,
    1.6834788736054576,
    1.7398780700761938,
    1.765871516473106,
    1.729235611125236,
    1.7006658964453933,
    1.7547772369917733,
    1.7431206957861554,
    1.7599861853052048,
    1.68771163306927,
    1.688876978962938,
    1.7349099450648993,
    1.673233337916609,
    1.7611345674624301,
    1.6804315399462288,
    1.6395241343153006,
    1.641088398822418,
    1.5953846895296504,
    1.5966239781357112,
    1.6025687137406361,
    1.5803482940657458,
    1.6012594438309409,
    1.5675154174914554,
    1.5738998569785851,
    1.526151223595478,
    1.587107307960778,
    1.5326399372870483,
    1.5233959179552075,
    1.521482698982065,
    1.6259571157401076,
    1.5110797760007897,
    1.4938356302688183,
    1.5296776744801266,
    1.567903387653037,
    1.5490524864555677,
    1.5982132169693164,
    1.4834297808808683,
    1.4568286086590538,
    1.4654294834857198,
    1.4705171084715927,
    1.4543236433543172,
    1.4728026874430757,
    1.464584879524161,
    1.4705347480226858,
    1.4815604123694925,
    1.4618699352956088,
    1.5554547293641612,
    1.4439328143400718,
    1.443847123131915,
    1.4328868988967616,
    1.419452358764484,
    1.4053995924964882,
    1.4030037046403891,
    1.4260607782627295,
    1.4438258061712235,
    1.4138400138379381,
    1.3967085320742083
  ],
  "val_acc": [
    0.27820291286102194,
    0.3495433226363861,
    0.33325104912367315,
    0.28931128116514443,
    0.28289311281165147,
    0.31893359664280424,
    0.3532461120710936,
    0.30436929153295483,
    0.3083189335966428,
    0.33448531226857564,
    0.31843989138484324,
    0.3107874598864478,
    0.3468279437176006,
    0.3394223648481856,
    0.3372006911873611,
    0.33004196494692667,
    0.35620834361885956,
    0.30190076524314985,
    0.22661071340409775,
    0.30017279684028636,
    0.3080720809676623,
    0.3290545544310047,
    0.3831152801777339,
    0.4174277956060232,
    0.35941742779560604,
    0.365835596149099,
    0.3485559121204641,
    0.35398666995803507,
    0.3646013330041965,
    0.34509997531473713,
    0.3137496914342138,
    0.3769439644532214,
    0.36632930140706,
    0.3507775857812886,
    0.3532461120710936,
    0.3984201431745248,
    0.37274746976055295,
    0.3799061960009874,
    0.38953344853122684,
    0.3974327326586028,
    0.3959516168847198,
    0.40138237472229077,
    0.4063194273019008,
    0.4181683534929647,
    0.3964453221426808,
    0.4337200691187361,
    0.43075783757097014,
    0.45050604788941,
    0.4235991113305357,
    0.44556899530980004,
    0.44408787953591705,
    0.448037521599605,
    0.3959516168847198,
    0.46087385830659094,
    0.46062700567761045,
    0.47198222661071343,
    0.4396445322142681,
    0.4384102690693656,
    0.41175018513947176,
    0.45544310046902,
    0.4746976055294989,
    0.4660577635151814,
    0.4648235003702789,
    0.4754381634164404,
    0.45741792150086397,
    0.48580597383362134,
    0.4487780794865465,
    0.4754381634164404,
    0.46260182670945443,
    0.4635892372253764,
    0.48086892125401137,
    0.4897556158973093,
    0.5013576894593927,
    0.49938286842754875,
    0.5215996050357936,
    0.49839545791162676,
    0.4946926684769193,
    0.4961737842508023,
    0.5139471735373982,
    0.5198716366329301
  ],