{
  "train_loss": [
    1.835654391905236,
    1.6477477879930815,
    1.6304129071443094,
    1.5788634753584947,
    1.519769436284415,
    1.489768606548413,
    1.4608755119247783,
    1.4199416871880364,
    1.4129323674819945,
    1.3914655487633325,
    1.3968732708479876,
    1.392729100141306,
    1.3311781061508479,
    1.346997947730433,
    1.3478844789138875,
    1.3363009245163704,
    1.3426232003464367,
    1.3210930395260516,
    1.3082617333563464,
    1.3334122384022755,
    1.2016415401077567,
    1.17879968907012,
    1.1748196401003532,
    1.1584970194248339,
    1.1563591157834123,
    1.168167380225546,
    1.149461356952259,
    1.133337769095951,
    1.1524836726011118,
    1.1215653609189478,
    1.1172105528165517,
    1.1149228537400777,
    1.1041875298707957,
    1.09362428470551,
    1.1111874925152712,
    1.096749696633835,
    1.1075106219427742,
    1.0983419711350988,
    1.1205411315358824,
    1.1148460112064553,
    1.0314957692803548,
    1.0158751177186232,
    1.0194155871122679,
    1.010508880552045,
    1.0065868328647112,
    1.003882412777924,
    0.9946122668541851,
    0.9957568820513744,
    0.9988251975893283,
    0.989353184541535,
    0.9913709207245137,
    0.9903872915119225,
    0.9749348351457444,
    0.979361316588111,
    0.97915334504565,
    0.9820456256516559,
    0.9792029600785168,
    0.9703243369427037,
    0.9706057821756299,
    0.9710449399211036,
    0.9290975856466691,
    0.9212372748239482,
    0.9230237903334957,
    0.9306427210047117,
    0.9228592264730603,
    0.9202350301236195,
    0.9243259756347659,
    0.9130722944207517,
    0.9093499700998227,
    0.9173217371149981,
    0.9100529188525224,
    0.9124393752695655,
    0.9139722730055677,
    0.9216487026121286,
    0.9076142397136074,
    0.9087393031619792,
    0.9075859845309585,
    0.9077077698849197,
    0.9021138871374337,
    0.9041362237544616
  ],
  "train_acc": [
    0.29393089581459336,
    0.37361765172760464,
    0.39097306735806125,
    0.40848722154611355,
    0.4406053230329647,
    0.45113498068680885,
    0.463410762474205,
    0.4866924175882322,
    0.483676384993915,
    0.4914016614635695,
    0.48939097306735807,
    0.4948409968781417,
    0.5173289592041908,
    0.5096036827345363,
    0.5133604952642997,
    0.5125668024763215,
    0.5141541880522779,
    0.5243134557383988,
    0.5270120112175247,
    0.519392560452934,
    0.5708767659664532,
    0.5746335784962168,
    0.5753743584316631,
    0.5811947722101698,
    0.5815122493253612,
    0.5743161013810254,
    0.5829938091962538,
    0.5907719985184401,
    0.5864860574633578,
    0.5925181226519922,
    0.600084660564051,
    0.5991322292184772,
    0.598761839250754,
    0.604053124503942,
    0.5980739721678395,
    0.6025715646330494,
    0.6010900047621567,
    0.6042118630615376,
    0.5979152336102439,
    0.5955341552463094,
    0.6267527382401186,
    0.6380760886819409,
    0.6319911106407746,
    0.6360124874331975,
    0.6400867770781523,
    0.6374411344515583,
    0.6420445526218318,
    0.6419916397693,
    0.6396105614053653,
    0.6460130165617228,
    0.6417270755066405,
    0.6397163871104291,
    0.6493465262712312,
    0.6489761363035081,
    0.6472300121699561,
    0.6469125350547648,
    0.6478649664003386,
    0.6513043018149108,
    0.6530504259484629,
    0.6545319858193556,
    0.6681305889200487,
    0.6698238002010688,
    0.6678131118048574,
    0.6670723318694111,
    0.667971850362453,
    0.6713053600719615,
    0.6711995343668977,
    0.6767553838827451,
    0.6716228371871528,
    0.6727340070903223,
    0.6770728609979364,
    0.6755383882745118,
    0.6720461400074078,
    0.6705645801365152,
    0.6744801312238743,
    0.6745330440764061,
    0.675062172601725,
    0.6741097412561511,
    0.6766495581776814,
    0.6761733425048945
  ],
  "val_loss": [
    1.7901662753192316,
    2.264617898626405,
    1.8242281475077007,
    1.5361848300582321,
    1.531292349860513,
    1.7319190952426513,
    1.4515485367879424,
    1.355965303091039,
    1.3540633728263478,
    1.528470275075205,
    1.3643697982654257,
    1.2996999844186814,
    1.4239340853727909,
    1.5139138084967192,
    1.5968476821171773,
    1.502249175896473,
    1.58635306155144,
    1.565806166526293,
    1.3771277953450936,
    1.3906362229040303,
    1.2472245122116998,
    1.2871269221911605,
    1.2573751807062374,
    1.3211597064415928,
    1.2370497456898362,
    1.2090607593992109,
    1.2353309095860197,
    1.2203188424417588,
    1.2090026769484006,
    1.3671935614227377,
    1.3217029070109323,
    1.3170122473846062,
    1.2232157168601365,
    1.197692776797438,
    1.2386708577320518,
    1.207193916424106,
    1.170274597206114,
    1.239546339526976,
    1.3742117631185844,
    1.2899007588656914,
    1.1578330184009082,
    1.1707684427867755,
    1.2209615357301737,
    1.192855525377637,
    1.226165423474511,
    1.1740928965416482,
    1.2478319547386716,
    1.1501647427268404,
    1.2902234952150788,
    1.1737924923161622,
    1.1513840982631505,
    1.3625233072483485,
    1.284906109071067,
    1.149088834251634,
    1.233608839296524,
    1.1913937993109185,
    1.23838288364296,
    1.1523971445067653,
    1.2136034271327472,
    1.1831579380556976,
    1.1184537374627241,
    1.1239124556945344,
    1.1127932738753235,
    1.1563621345348323,
    1.147716016137729,
    1.1104341372461461,
    1.1817650175018641,
    1.1463708284413952,
    1.2278110957522514,
    1.1465376987752087,
    1.1195860303720875,
    1.1495485338692337,
    1.1856488960131188,
    1.14597941943115,
    1.2032805188447022,
    1.1384107591704187,
    1.1752765962791543,
    1.2005962813245574,
    1.1417121622093032,
    1.118243846515978
  ],
  "val_acc": [
    0.3288077018020242,
    0.24191557640088868,
    0.3465810910886201,
    0.4075536904468033,
    0.4391508269563071,
    0.35398666995803507,
    0.48704023697852383,
    0.5176499629721056,
    0.5092569735867687,
    0.4369291532954826,
    0.5058010367810417,
    0.5277709207603061,
    0.4882745001234263,
    0.46284867933843493,
    0.42656134287830166,
    0.45717106887188347,
    0.450012342631449,
    0.45963959516168845,
    0.5045667736361392,
    0.5048136262651197,
    0.5571463836089854,
    0.536657615403604,
    0.5452974574179215,
    0.5198716366329301,
    0.5539372994322389,
    0.56430510984942,
    0.5588743520118489,
    0.5623302888175759,
    0.5625771414465565,
    0.5169094050851641,
    0.5364107627746235,
    0.5294988891631696,
    0.5660330782522834,
    0.5707232782029129,
    0.5660330782522834,
    0.563317699333498,
    0.5813379412490743,
    0.5601086151567514,
    0.5097506788447297,
    0.531226857566033,
    0.5828190570229573,
    0.5887435201184893,
    0.564798815107381,
    0.5776351518143669,
    0.5722043939767959,
    0.5818316465070353,
    0.5697358676869909,
    0.5966428042458652,
    0.5499876573685509,
    0.5860281411997038,
    0.5944211305850408,
    0.5304862996790916,
    0.5485065415946679,
    0.5978770673907677,
    0.5803505307331523,
    0.5877561096025673,
    0.5689953098000494,
    0.5944211305850408,
    0.5586274993828684,
    0.5825722043939768,
    0.6107134040977537,
    0.6097259935818317,
    0.6107134040977537,
    0.5924463095531968,
    0.6038015304862997,
    0.6065169094050852,
    0.5944211305850408,
    0.6033078252283387,
    0.5786225623302889,
    0.6047889410022217,
    0.6109602567267342,
    0.6055294988891632,
    0.5889903727474698,
    0.6025672673413972,
    0.5808442359911133,
    0.6013330041964947,
    0.5921994569242163,
    0.5956553937299432,
    0.6040483831152802,
    0.6124413725006171
  ],