{
  "train_loss": [
    1.847414520879489,
    1.6492848717217032,
    1.6004763599001763,
    1.5439940857559027,
    1.4860415650282424,
    1.4689261676662557,
    1.4227669270559584,
    1.3924928271237043,
    1.35370558034452,
    1.3407161188132188,
    1.296209576632787,
    1.3010649237943264,
    1.2642130541171912,
    1.237466798078844,
    1.2159189568982474,
    1.1858422637844153,
    1.1668526826777252,
    1.145203431804553,
    1.1316217667340325,
    1.1126151766595944,
    1.3651789023878667,
    1.2697637638078094,
    1.1907455127619944,
    1.1432379986383594,
    1.1200128368461377,
    1.1108270055508511,
    1.1065183672994983,
    1.103866656941899,
    1.101880731852329,
    1.1002958791936404,
    1.099001319926269,
    1.097905899888595,
    1.0970481697970456,
    1.0963382482070352,
    1.0958002858562605,
    1.0953596528318141,
    1.0949923039111527,
    1.0946942819532217,
    1.094437939471339,
    1.0942297892057542,
    1.0940457021121104,
    1.0938835157578162,
    1.0937768290025982,
    1.0936785715540591,
    1.0935672404509542,
    1.0934826198615037,
    1.0934116095668969,
    1.0933429249753024,
    1.0932953382697417,
    1.093238363489273,
    1.093200421431523,
    1.0931685665881157,
    1.0931393782685501,
    1.0931053500107941,
    1.0930725314673235,
    1.0930359737633668,
    1.093006766527548,
    1.092984734761012,
    1.0929583744522398,
    1.0929290242063827,
    1.0929217863051102,
    1.0928871093101373,
    1.0928654566764846,
    1.0928350637038664,
    1.0928140173543501,
    1.092802368163674,
    1.0927816048066945,
    1.092771000815319,
    1.092750519534627,
    1.0927156965126068,
    1.0927141982863142,
    1.092688791175501,
    1.0926787472721082,
    1.0926752356699394,
    1.0926461796934674,
    1.092635669825585,
    1.09262282548354,
    1.0926175691135027,
    1.0925859787084358,
    1.0925701355437962
  ],
  "train_acc": [
    0.2995925710355045,
    0.38943859463463676,
    0.4152600666701942,
    0.4371659876183925,
    0.4634636753267369,
    0.47097730038626384,
    0.48568707339012646,
    0.5015080162971586,
    0.5191279961902746,
    0.5249484099687814,
    0.5416688713688554,
    0.5434149955024076,
    0.5568019471929732,
    0.5671728662892217,
    0.5777025239430658,
    0.5891846129424837,
    0.597439017937457,
    0.6063283771628128,
    0.6129424837292978,
    0.6161701677337426,
    0.51590031218583,
    0.548494629345468,
    0.5785491295835758,
    0.600084660564051,
    0.6143711307476586,
    0.6210381501666755,
    0.6244245727287158,
    0.6255886554844171,
    0.6260648711572041,
    0.6271231282078417,
    0.6270702153553098,
    0.6278109952907561,
    0.6281813852584793,
    0.6284988623736706,
    0.628710513783798,
    0.629186729456585,
    0.6289221651939256,
    0.628340123816075,
    0.6286046880787344,
    0.628710513783798,
    0.6286576009312662,
    0.6289221651939256,
    0.628710513783798,
    0.6290809037515213,
    0.6291338166040531,
    0.6288163394888618,
    0.6288163394888618,
    0.6291338166040531,
    0.62876342663633,
    0.62876342663633,
    0.6290279908989894,
    0.6290279908989894,
    0.6289750780464575,
    0.6290809037515213,
    0.6290279908989894,
    0.6293454680141807,
    0.6293454680141807,
    0.629186729456585,
    0.6292925551616487,
    0.6292396423091169,
    0.6293454680141807,
    0.6290809037515213,
    0.629186729456585,
    0.628710513783798,
    0.6290809037515213,
    0.628710513783798,
    0.6284988623736706,
    0.6285517752262024,
    0.6288163394888618,
    0.6284459495211386,
    0.6282342981110112,
    0.6282342981110112,
    0.6284988623736706,
    0.6281284724059474,
    0.6284459495211386,
    0.628287210963543,
    0.6284988623736706,
    0.6283930366686068,
    0.628287210963543,
    0.6285517752262024
  ],
  "val_loss": [
    1.6306554752798335,
    1.7764620992416615,
    1.5651481791770234,
    1.5529185852149263,
    1.532769753493323,
    1.498410231422071,
    1.3880316637675285,
    1.3447096154534248,
    1.3569382268504715,
    1.3420715051220244,
    1.3659936590154935,
    1.3106767474905225,
    1.3315065063251486,
    1.3594253374063625,
    1.23446444808456,
    1.2547705072372795,
    1.2128134740538963,
    1.2124002995194567,
    1.206111822568876,
    1.2321479376865914,
    1.4240748720196463,
    1.3232211558361402,
    1.2535606457364576,
    1.2148775535656051,
    1.1970190993234477,
    1.1897985167112592,
    1.185726296357698,
    1.1831925020399232,
    1.181416990814644,
    1.1800423626860324,
    1.1788677363412425,
    1.1778080380270437,
    1.1771818370666,
    1.1764721403838014,
    1.1759983160040697,
    1.1756136143431086,
    1.1753511505576502,
    1.1750654004142511,
    1.1747638749305886,
    1.1745597014610538,
    1.1743266978810827,
    1.174383990496734,
    1.1742183767998722,
    1.1740881966158057,
    1.173963113064665,
    1.1738535865053807,
    1.1736805457387185,
    1.1736829336673704,
    1.1737052093791882,
    1.1735963110245713,
    1.1735579062878567,
    1.1736244330020003,
    1.1736414054336588,
    1.1735940379825192,
    1.1735767521694929,
    1.173526101109912,
    1.1735170102266432,
    1.1734929925788757,
    1.1734982061734605,
    1.1734367602671378,
    1.1734158431145634,
    1.1734680447595518,
    1.1734811046303504,
    1.1733952836549502,
    1.1733761982519346,
    1.173392084482775,
    1.1732871645753165,
    1.1733370536994114,
    1.1733247702495813,
    1.1733431428998826,
    1.173314307134747,
    1.1732479814220074,
    1.1733071193592977,
    1.1732845925310713,
    1.1733526641793242,
    1.1733542185787602,
    1.1733211120447067,
    1.173291874682385,
    1.1732992560895568,
    1.1732781564394712
  ],
  "val_acc": [
    0.3934830905949148,
    0.3389286595902246,
    0.42680819550728216,
    0.42804245865218465,
    0.43174524808689213,
    0.44458158479387805,
    0.4937052579609973,
    0.532707973339916,
    0.5139471735373982,
    0.5134534682794372,
    0.5114786472475932,
    0.544063194273019,
    0.538138731177487,
    0.5257960997284621,
    0.56430510984942,
    0.5534435941742779,
    0.5685016045420884,
    0.5689953098000494,
    0.5751666255245619,
    0.5630708467045175,
    0.4907430264132313,
    0.5238212786966181,
    0.5504813626265119,
    0.5655393729943224,
    0.5783757097013084,
    0.5855344359417428,
    0.5882498148605283,
    0.5899777832633918,
    0.5926931621821773,
    0.5934337200691188,
    0.5939274253270798,
    0.5946679832140213,
    0.5951616884719823,
    0.5934337200691188,
    0.5931868674401383,
    0.5934337200691188,
    0.5944211305850408,
    0.5944211305850408,
    0.5941742779560603,
    0.5946679832140213,
    0.5954085411009628,
    0.5944211305850408,
    0.5946679832140213,
    0.5939274253270798,
    0.5946679832140213,
    0.5946679832140213,
    0.5946679832140213,
    0.5946679832140213,
    0.5944211305850408,
    0.5944211305850408,
    0.5946679832140213,
    0.5946679832140213,
    0.5951616884719823,
    0.5951616884719823,
    0.5951616884719823,
    0.5956553937299432,
    0.5956553937299432,
    0.5959022463589237,
    0.5961490989879042,
    0.5949148358430018,
    0.5946679832140213,
    0.5959022463589237,
    0.5956553937299432,
    0.5954085411009628,
    0.5951616884719823,
    0.5951616884719823,
    0.5949148358430018,
    0.5951616884719823,
    0.5954085411009628,
    0.5956553937299432,
    0.5954085411009628,
    0.5954085411009628,
    0.5949148358430018,
    0.5954085411009628,
    0.5951616884719823,
    0.5949148358430018,
    0.5949148358430018,
    0.5951616884719823,
    0.5946679832140213,
    0.5959022463589237
  ],