{
  "train_loss": [
    1.9129423391809361,
    1.7338290523965967,
    1.6560986626246699,
    1.6080107263518708,
    1.5648600711299927,
    1.5411155050941145,
    1.5143053922094902,
    1.4947103255526137,
    1.4719408544494559,
    1.4497877837313307,
    1.4231632430585193,
    1.4042574392074612,
    1.3878705141174563,
    1.367564081765975,
    1.350334025617864,
    1.331607770835795,
    1.3146977504161723,
    1.2968300313095527,
    1.282470951507363,
    1.2700104053222345,
    1.227947918955175,
    1.2241691005625814,
    1.2129720041851033,
    1.2093165153972958,
    1.1950272216786562,
    1.1870109529051969,
    1.1829035069847371,
    1.172911101560408,
    1.1665626012679822,
    1.1635980651060698,
    1.1549882728108318,
    1.1528123248448936,
    1.1402716054068456,
    1.1416960184111438,
    1.1297046532382526,
    1.123038211497962,
    1.1193058193484091,
    1.1155496824936013,
    1.107950164301814,
    1.1089485444287042,
    1.0826581717148958,
    1.078506361308872,
    1.0774677287190866,
    1.075650803244621,
    1.0699426221225183,
    1.0660056517899192,
    1.062655321772694,
    1.065141282407133,
    1.0590639930607186,
    1.0548945249604176,
    1.051829932483373,
    1.0504729016453738,
    1.0429622136264274,
    1.0449927188694652,
    1.0391488108132878,
    1.0382900383249491,
    1.0353735811670617,
    1.0322956919516069,
    1.031320068311191,
    1.0256006958906936,
    1.0152901758010897,
    1.0121223469816047,
    1.0134023664003344,
    1.0107166322212573,
    1.0098664002977027,
    1.0092692801495804,
    1.0064274040364707,
    1.0052138000324997,
    1.00372199420332,
    1.0026792082571256,
    1.0016846576119893,
    1.0006292366504939,
    0.9984994601701359,
    0.9975639381835962,
    0.9959987300283706,
    0.9935750147781159,
    0.9916427777134535,
    0.9917669957359383,
    0.9900102426935151,
    0.9913353518193325
  ],
  "train_acc": [
    0.2784803428752844,
    0.36859093073707605,
    0.4030901105878618,
    0.4246785544208688,
    0.4390179374570083,
    0.4480131223874279,
    0.46293454680141805,
    0.4671146621514366,
    0.48473464204455263,
    0.4947880840256098,
    0.504841526006667,
    0.510132811259855,
    0.5188105190750834,
    0.5243663685909308,
    0.5319858193555215,
    0.5377533202814964,
    0.5426213027144293,
    0.5487062807555956,
    0.5556378644372718,
    0.5599767183448859,
    0.5785491295835758,
    0.5794486480766178,
    0.5819355521456162,
    0.5854807132652521,
    0.5927826869146515,
    0.5922535583893328,
    0.5936822054076936,
    0.5950579395735224,
    0.599185142071009,
    0.6008254404994974,
    0.6054288586697709,
    0.6028361288957088,
    0.6092385840520662,
    0.6084448912640881,
    0.6136832636647441,
    0.6162759934388062,
    0.6190274617704641,
    0.6194507645907191,
    0.6196624160008466,
    0.6232075771204826,
    0.6304566379173501,
    0.6343192761521773,
    0.6358537488756019,
    0.6351658817926874,
    0.6371765701888988,
    0.6395047357003016,
    0.6413566855389174,
    0.6397163871104291,
    0.6398751256680247,
    0.6419916397693,
    0.6445314566908302,
    0.6463304936769141,
    0.6470183607598285,
    0.6425736811471506,
    0.6497698290914863,
    0.6471241864648923,
    0.6508809989946558,
    0.6529446002433992,
    0.6537912058839092,
    0.6529446002433992,
    0.6601407481877348,
    0.6612519180909043,
    0.6612519180909043,
    0.6640562992750939,
    0.6606698767130535,
    0.6618868723212868,
    0.6643208635377533,
    0.6634213450447114,
    0.6639504735700301,
    0.664902904915604,
    0.664902904915604,
    0.6632626064871158,
    0.6637388221599027,
    0.6664902904915604,
    0.6692417588232181,
    0.667548547542198,
    0.6687655431504312,
    0.6680776760675168,
    0.6710407958093021,
    0.6691888459706863
  ],
  "val_loss": [
    1.7720218851929788,
    1.7030323574063695,
    1.6158028382874463,
    1.6299481416106545,
    1.5661906596680584,
    1.6190407875877038,
    1.5035234162567546,
    1.4787159822211395,
    1.4552250840679488,
    1.4512134717101106,
    1.4351373595424297,
    1.4201306349093095,
    1.4241107844304863,
    1.3766156379625243,
    1.3605328996076327,
    1.3486910543532522,
    1.3140072608889026,
    1.3608496424369771,
    1.342040878026496,
    1.284944152683217,
    1.282776012539274,
    1.273209048622243,
    1.298017186851669,
    1.268810371869626,
    1.2821166884066726,
    1.2465752060707644,
    1.2634894981375493,
    1.245338865472257,
    1.2370496831579345,
    1.2594092675133992,
    1.2300227878526184,
    1.2225921260793986,
    1.2324129509299921,
    1.2062154234824234,
    1.2131247205326088,
    1.1990180457129094,
    1.2490427435431128,
    1.2097341800351882,
    1.2413794068739195,
    1.1895675968601966,
    1.182730608579929,
    1.1887289296377168,
    1.189231987216953,
    1.2025871958088457,
    1.177946173744414,
    1.1804278162767774,
    1.1727878437105037,
    1.1766952351699689,
    1.174410349375357,
    1.1630812732261453,
    1.1703130345694142,
    1.1769000182868015,
    1.1681534581492554,
    1.163585988116835,
    1.1648868743721053,
    1.1589585679630778,
    1.1638778117720536,
    1.1567860259793128,
    1.1569259907987925,
    1.153494278329732,
    1.146475383748807,
    1.14874177771206,
    1.1420505914837729,
    1.1454586399535225,
    1.1474960110221366,
    1.1445216773233795,
    1.1462958876525333,
    1.1538928895993223,
    1.140518231063674,
    1.1457395085886046,
    1.1492280254816687,
    1.140104911604237,
    1.1507166200001673,
    1.1552203250083517,
    1.1395504094739504,
    1.1400288908808522,
    1.1367105023330037,
    1.1487498255534667,
    1.1661836389804003,
    1.1447693754123986
  ],
  "val_acc": [
    0.3483090594914836,
    0.41421871142927674,
    0.41002221673660827,
    0.3929893853369538,
    0.45815847938780546,
    0.3984201431745248,
    0.46112071093557144,
    0.4941989632189583,
    0.5035793631202172,
    0.4927178474450753,
    0.4885213527524068,
    0.5075290051839052,
    0.5038262157491977,
    0.5181436682300666,
    0.5225870155517156,
    0.5304862996790916,
    0.545544310046902,
    0.5280177733892866,
    0.538632436435448,
    0.5509750678844729,
    0.5559121204640829,
    0.5524561836583559,
    0.5534435941742779,
    0.5581337941249074,
    0.5539372994322389,
    0.5768945939274254,
    0.5625771414465565,
    0.5655393729943224,
    0.5687484571710689,
    0.563811404591459,
    0.5714638360898544,
    0.5778820044433474,
    0.5778820044433474,
    0.5813379412490743,
    0.5820784991360158,
    0.5892372253764503,
    0.5623302888175759,
    0.5897309306344113,
    0.5788694149592694,
    0.5929400148111578,
    0.5921994569242163,
    0.5996050357936312,
    0.5921994569242163,
    0.5865218464576648,
    0.5978770673907677,
    0.5944211305850408,
    0.6038015304862997,
    0.5968896568748457,
    0.6025672673413972,
    0.6072574672920267,
    0.6042952357442607,
    0.5996050357936312,
    0.6023204147124167,
    0.6075043199210072,
    0.5988644779066897,
    0.6114539619846951,
    0.6092322883238707,
    0.6057763515181437,
    0.6079980251789682,
    0.6094791409528512,
    0.6112071093557147,
    0.6139224882745001,
    0.6134287830165391,
    0.6139224882745001,
    0.6102196988397927,
    0.6121945198716366,
    0.6070106146630462,
    0.6131819303875586,
    0.6107134040977537,
    0.6136756356455196,
    0.6117008146136756,
    0.6176252777092076,
    0.6107134040977537,
    0.6134287830165391,
    0.6124413725006171,
    0.6161441619353246,
    0.6218217724018761,
    0.6114539619846951,
    0.6087385830659097,
    0.6134287830165391
  ],