{
  "train_loss": [
    1.847414520879489,
    1.6623338022788137,
    1.5895746720522252,
    1.5460012924183528,
    1.5160616507219848,
    1.4650160354471071,
    1.4227868665963324,
    1.3847099411234038,
    1.369116594926521,
    1.338537905145359,
    1.2992064371883285,
    1.2966218124389652,
    1.2409994965516702,
    1.2180689342553854,
    1.1846623350078787,
    1.1653259369047815,
    1.1424417975119592,
    1.1261763392445625,
    1.1143261105175004,
    1.107536130921412,
    1.105267546794867,
    1.106961794500767,
    1.1110686394270872,
    1.1189812691823318,
    1.126785684073144,
    1.136175596539389,
    1.1559378405724654,
    1.1546827482391768,
    1.1813943753427358,
    1.1998224368401975,
    1.1950336130214667,
    1.2541163851619603,
    1.2554587813815818,
    1.281760191882549,
    1.2770836884985657,
    1.3161761055616399,
    1.2701698821720018,
    1.3583162067963521,
    1.3058057457087104,
    1.3110225648408254,
    1.2964843657698553,
    1.3109367544712047,
    1.3329052188633548,
    1.292715522609735,
    1.251768956521452,
    1.2120595837509613,
    1.2191156699230261,
    1.2394912905180893,
    1.2119211648506227,
    1.1595122731606955,
    1.1196492167483179,
    1.1022928479162668,
    1.0792949840136983,
    1.0565237964208198,
    1.032204865655402,
    1.0207366925411996,
    0.9914651758173143,
    0.9771945984652446,
    0.9675486689643258,
    0.959823592437888,
    0.9590560678230257,
    0.9593062488414924,
    0.9657988623938069,
    0.9720285217405987,
    0.9868456176022157,
    0.9997124572946975,
    1.0106109073365563,
    1.0208889740890976,
    1.059436414498228,
    1.0751647240463766,
    1.1018146828488016,
    1.101824495057221,
    1.1498127238319786,
    1.153793392093466,
    1.200721517410474,
    1.1951144782516634,
    1.216224618747724,
    1.231475394082553,
    1.2371552711684586,
    1.2333127565357866
  ],
  "train_acc": [
    0.2995925710355045,
    0.38361818085613,
    0.41716492936134186,
    0.4403936716228372,
    0.45346314619821154,
    0.4784909254457908,
    0.4887031059844436,
    0.5069580401079422,
    0.5087041642414942,
    0.5255304513466321,
    0.5426742155669612,
    0.5420392613365786,
    0.567860733372136,
    0.5756389226943225,
    0.5883909201545056,
    0.5948462881633949,
    0.607598285623578,
    0.6129953965818298,
    0.617704640457167,
    0.6222551457749087,
    0.6240012699084607,
    0.6224667971850363,
    0.6206148473464205,
    0.61638181914387,
    0.6133657865495529,
    0.6085507169691519,
    0.5988147521032859,
    0.5986031006931584,
    0.5877030530715911,
    0.5829408963437219,
    0.5839991533943595,
    0.5622519710037568,
    0.5622519710037568,
    0.5506111434467432,
    0.5552145616170168,
    0.543679559765067,
    0.5562728186676543,
    0.5289697867612043,
    0.5477538494100217,
    0.5431504312397482,
    0.5482829779353405,
    0.5409280914334091,
    0.5391290544473253,
    0.5509286205619345,
    0.5648976136303508,
    0.5838404148367639,
    0.5741573628234298,
    0.5703476374411345,
    0.5810889465051061,
    0.597439017937457,
    0.6145827821577862,
    0.6174400761945077,
    0.6308799407376051,
    0.6352187946452194,
    0.6461188422667866,
    0.6514101275199746,
    0.6638975607174983,
    0.6673368961320705,
    0.6716228371871528,
    0.6775490766707233,
    0.6758558653897032,
    0.6762791682099581,
    0.673739351288428,
    0.6697179744960051,
    0.6627334779617969,
    0.6590824911370972,
    0.6538441187364411,
    0.6498227419440182,
    0.6356420974654744,
    0.6306153764749458,
    0.618180856129954,
    0.623895444203397,
    0.6042118630615376,
    0.6033123445684957,
    0.5864860574633578,
    0.5888142229747606,
    0.5813535107677655,
    0.5764326154823006,
    0.5733636700354516,
    0.5756389226943225
  ],
  "val_loss": [
    1.6306554752798335,
    1.729964836548358,
    1.578461846608388,
    1.5554288772699563,
    1.5760426063207251,
    1.5365315003456936,
    1.3550606929100988,
    1.4244048573058208,
    1.4416412967664518,
    1.3996048395099387,
    1.3825007362986288,
    1.2807572474864923,
    1.3070630346144216,
    1.3914112235043177,
    1.2464539818045237,
    1.2828301004347473,
    1.2010539507371327,
    1.1955644150421478,
    1.193460826888906,
    1.189961528149267,
    1.1903053969738053,
    1.189495187882099,
    1.1897921489811982,
    1.1923264000186737,
    1.2091865442428802,
    1.2078776951694685,
    1.2667951509838362,
    1.269689016237151,
    1.295745341442861,
    1.2439885582279342,
    1.2351804401326802,
    1.528947820221767,
    1.3104149550983883,
    1.3477875997185131,
    1.6714038069238204,
    1.2834073345184986,
    2.0871505214052304,
    1.2839965326430243,
    1.2950216463610909,
    1.3649309024821572,
    1.4116064957258325,
    1.3343023889206893,
    1.4059758463329115,
    1.3059303916072638,
    1.2401548270105585,
    1.346748457897557,
    1.3069576373440692,
    1.278894475480182,
    1.6386720608709964,
    1.2085269160539671,
    1.2075466166343845,
    1.6984610828070807,
    1.1889639349252719,
    1.1878861733111292,
    1.3723694733827005,
    1.1547272422357988,
    1.1566359067431546,
    1.17630045736918,
    1.1449881171825969,
    1.1449038758326062,
    1.1469192027682027,
    1.1459759098810551,
    1.1428787308712807,
    1.1465840696127787,
    1.1488284214861142,
    1.1770172866358892,
    1.1921509312590752,
    1.2458549466286875,
    1.29947659186154,
    1.2069077360973965,
    1.179981605418181,
    1.3375831490291095,
    1.6548006743780281,
    1.3781150391790413,
    1.3234253289338749,
    1.3069460584306125,
    1.2866313679508175,
    1.4311603646354232,
    1.3468853058253418,
    1.4411377976651067
  ],
  "val_acc": [
    0.3934830905949148,
    0.3409034806220686,
    0.42557393236237967,
    0.4206368797827697,
    0.3984201431745248,
    0.4374228585534436,
    0.5233275734386571,
    0.5011108368304122,
    0.48333744754381636,
    0.4909898790422118,
    0.49716119476672427,
    0.5578869414959269,
    0.5418415206121945,
    0.5087632683288077,
    0.5670204887682054,
    0.5549247099481609,
    0.5798568254751914,
    0.5825722043939768,
    0.5818316465070353,
    0.5884966674895088,
    0.5877561096025673,
    0.5860281411997038,
    0.5852875833127623,
    0.5843001727968403,
    0.5783757097013084,
    0.5830659096519378,
    0.5519624784003949,
    0.5583806467538879,
    0.5438163416440385,
    0.5672673413971859,
    0.5759071834115034,
    0.4919772895581338,
    0.541100962725253,
    0.5188842261170081,
    0.44087879535917057,
    0.5494939521105899,
    0.365341890891138,
    0.541594667983214,
    0.5482596889656874,
    0.5285114786472476,
    0.4897556158973093,
    0.5292520365341891,
    0.5070352999259442,
    0.5568995309800049,
    0.5635645519624785,
    0.5349296470007405,
    0.5494939521105899,
    0.5544310046901999,
    0.4675388792890644,
    0.5847938780548013,
    0.5778820044433474,
    0.4672920266600839,
    0.5860281411997038,
    0.5914588990372748,
    0.538138731177487,
    0.6079980251789682,
    0.6057763515181437,
    0.5983707726487287,
    0.6084917304369292,
    0.6102196988397927,
    0.6097259935818317,
    0.6109602567267342,
    0.6121945198716366,
    0.6094791409528512,
    0.6082448778079487,
    0.5968896568748457,
    0.5860281411997038,
    0.5778820044433474,
    0.5559121204640829,
    0.5939274253270798,
    0.5899777832633918,
    0.5541841520612194,
    0.4784003949642064,
    0.5418415206121945,
    0.5527030362873364,
    0.5509750678844729,
    0.5581337941249074,
    0.5149345840533202,
    0.5517156257714144,
    0.4956800789928413
  ],