{
  "train_loss": [
    1.976031437133456,
    1.6646075822569306,
    1.5899181780124758,
    1.5443683397172203,
    1.518932276200863,
    1.5006552433335787,
    1.4841954839464586,
    1.454853252069323,
    1.4382326573535895,
    1.4363051603075236,
    1.4358573669788652,
    1.467701539159637,
    1.4154756839342328,
    1.4312223260485155,
    1.4496454434512875,
    1.4489225829467411,
    1.4625915056274341,
    1.4549687698337623,
    1.4702399028957114,
    1.4660289361902687,
    1.3835174369004353,
    1.3682988797675786,
    1.346081237647574,
    1.3190210916792466,
    1.3173913557621841,
    1.29345734984508,
    1.298045410519205,
    1.2677367046137056,
    1.264743234554188,
    1.2566018806627623,
    1.2391305606650742,
    1.2371375092723396,
    1.2265361590418598,
    1.219247216511227,
    1.1995264525134488,
    1.18634570351386,
    1.1743195556164883,
    1.1880285532967179,
    1.1966778984260507,
    1.159260660348496,
    1.1265229483171313,
    1.1060297078041992,
    1.0951742590171485,
    1.090038733508011,
    1.0913932206183556,
    1.0867949780642894,
    1.0751748765654587,
    1.074966729665779,
    1.064649950911588,
    1.059592542996004,
    1.0662880753950645,
    1.0604561163766157,
    1.0554142108233522,
    1.0533086049906522,
    1.04936254986469,
    1.045865158813493,
    1.0363757455002751,
    1.031462737853392,
    1.0247483459781035,
    1.0258407044272388,
    0.990499788809267,
    0.9828875899218628,
    0.9884423473346126,
    0.9825680904016364,
    0.9882189958111582,
    0.9778225465516196,
    0.9802591694074441,
    0.9790680902995871,
    0.9714336508182355,
    0.9693045503553194,
    0.9733641509930122,
    0.964459068884172,
    0.9659349409120549,
    0.9654654606427392,
    0.9590810383549693,
    0.9552536446092409,
    0.959905164087644,
    0.9507547820828878,
    0.9564127132386341,
    0.952917580217196
  ],
  "train_acc": [
    0.22424466903010742,
    0.37107783480607437,
    0.40753479020053973,
    0.42653050425948463,
    0.43653103338800997,
    0.4478543838298323,
    0.4584369543362083,
    0.4693899148103074,
    0.4771681041324938,
    0.4764273241970475,
    0.4826710407958093,
    0.4686491348748611,
    0.48907349595216676,
    0.49092544579078257,
    0.47933753108630084,
    0.4816127837451717,
    0.47192973173183766,
    0.47669188845970684,
    0.47383459442298537,
    0.47695645272236625,
    0.5142600137573416,
    0.522514418752315,
    0.5318270807979258,
    0.5482300650828086,
    0.5463252023916609,
    0.5580189428012065,
    0.556008254404995,
    0.5701888988835389,
    0.5746335784962168,
    0.5695539446531562,
    0.5832583734589132,
    0.5856923646753797,
    0.5871739245462723,
    0.5893962643526113,
    0.5976506693475845,
    0.602730303190645,
    0.6070691570982591,
    0.6059050743425578,
    0.6006137890893698,
    0.6147415207153818,
    0.628340123816075,
    0.6365416159585163,
    0.6380760886819409,
    0.6379702629768771,
    0.6383406529446003,
    0.6426795068522144,
    0.6465950579395735,
    0.6466479707921055,
    0.6499285676490819,
    0.6527329488332716,
    0.650351870469337,
    0.6525212974231441,
    0.655643155722525,
    0.6536853801788455,
    0.6524154717180803,
    0.6568072384782263,
    0.6580771469389914,
    0.6628393036668607,
    0.6665961161966242,
    0.6642150378326895,
    0.6782898566061696,
    0.6809884120852955,
    0.679453939361871,
    0.6833694904492301,
    0.6795068522144029,
    0.6841631832372084,
    0.6808825863802318,
    0.6837398804169533,
    0.6843748346473358,
    0.6860151330758241,
    0.6834753161542939,
    0.6907243769511614,
    0.6853801788454416,
    0.6876554315043124,
    0.6915709825916715,
    0.6912005926239484,
    0.6927350653473728,
    0.6925763267897772,
    0.6923646753796497,
    0.6943753637758612
  ],
  "val_loss": [
    1.7431992448666098,
    1.8393922698404426,
    1.5208453155545303,
    1.5704290704486912,
    1.5836538827130482,
    1.8290789679964092,
    1.447165802128896,
    1.4434575881438392,
    1.4427078573046712,
    1.4337641250562494,
    1.5359299434173799,
    1.530694313038776,
    1.4242373201148935,
    2.14338261814334,
    1.3945916769433708,
    1.625717271313658,
    1.4563908573819015,
    1.5578530290791825,
    1.5769813918322328,
    1.6090500419656328,
    1.3767579189936112,
    1.3611947908533382,
    1.4386834600283285,
    1.3573664469409261,
    1.3657761604242273,
    1.3193085028947336,
    1.4953039484452235,
    1.343044812522201,
    1.294335284881607,
    1.3973940667869267,
    1.2759561624150886,
    1.3914346657983694,
    1.4362682955241117,
    1.2717709507019992,
    1.238450565943148,
    1.288649297164088,
    1.24157003461353,
    1.306369780186315,
    1.2583098062795595,
    1.3980027820891772,
    1.212549136619847,
    1.1865361724012955,
    1.241105073866841,
    1.255100951828103,
    1.200595838863086,
    1.2182692714970407,
    1.1832236879493065,
    1.305449353305152,
    1.194815279640212,
    1.200645552649499,
    1.2452135307067285,
    1.1934383804042836,
    1.17765156740142,
    1.178081953842691,
    1.2372760553814839,
    1.189598127122311,
    1.2092936909356014,
    1.2339294119762845,
    1.1721242057707937,
    1.1743562345601115,
    1.1599355827990525,
    1.1541018548966915,
    1.1597056756177804,
    1.1652348017011183,
    1.1857067726127317,
    1.2048182115178,
    1.1599688806003194,
    1.1583433475402365,
    1.1657033210574634,
    1.212706110180018,
    1.1768471463184682,
    1.1575002252528763,
    1.417677655724848,
    1.2744427208354763,
    1.18670850589091,
    1.1905456761326672,
    1.1570999075681536,
    1.1604784083588795,
    1.1623429526722384,
    1.1657517241833675
  ],
  "val_acc": [
    0.3070846704517403,
    0.31819303875586274,
    0.4497654900024685,
    0.41051592199456927,
    0.4166872377190817,
    0.3675635645519625,
    0.4900024685262898,
    0.45939274253270795,
    0.49938286842754875,
    0.48284374228585536,
    0.4376697111824241,
    0.4334732164897556,
    0.5003702789434707,
    0.2969637126635399,
    0.5008639842014317,
    0.4075536904468033,
    0.4912367316711923,
    0.4248333744754382,
    0.44556899530980004,
    0.42730190076524316,
    0.5240681313255986,
    0.5193779313749691,
    0.48704023697852383,
    0.5240681313255986,
    0.5109849419896322,
    0.546038015304863,
    0.4556899530980005,
    0.5398666995803505,
    0.5613428783016539,
    0.5267835102443841,
    0.5749197728955814,
    0.5164156998272031,
    0.4909898790422118,
    0.5803505307331523,
    0.5894840780054308,
    0.5596149098987904,
    0.5835596149098988,
    0.5744260676376204,
    0.5887435201184893,
    0.5433226363860775,
    0.5949148358430018,
    0.6126882251295976,
    0.5887435201184893,
    0.5884966674895088,
    0.6042952357442607,
    0.6008392989385337,
    0.6097259935818317,
    0.5682547519131079,
    0.6136756356455196,
    0.6097259935818317,
    0.5852875833127623,
    0.6065169094050852,
    0.6139224882745001,
    0.6218217724018761,
    0.5968896568748457,
    0.6168847198222661,
    0.6042952357442607,
    0.6003455936805727,
    0.6161441619353246,
    0.6191063934830906,
    0.6233028881757591,
    0.6218217724018761,
    0.6210812145149346,
    0.6200938039990126,
    0.6134287830165391,
    0.6057763515181437,
    0.6186126882251296,
    0.6208343618859541,
    0.6188595408541101,
    0.6060232041471242,
    0.6178721303381881,
    0.6240434460627006,
    0.5581337941249074,
    0.5954085411009628,
    0.6158973093063441,
    0.6119476672426561,
    0.6220686250308566,
    0.6225623302888176,
    0.6230560355467786,
    0.6213280671439151
  ],