{
  "train_loss": [
    1.847414520879489,
    1.5864435350003112,
    1.4864634201276392,
    1.4295380336041257,
    1.397672377824074,
    1.379321451522377,
    1.36868217444706,
    1.3642108726117992,
    1.3612516864986144,
    1.3602303843712718,
    1.359363775768643,
    1.3589819256952467,
    1.3587827810644275,
    1.358681217195562,
    1.3586597298618581,
    1.3586313173528524,
    1.3586039648819785,
    1.358589838484548,
    1.3585651518434156,
    1.358538667429107,
    1.3585307649940785,
    1.358491412897123,
    1.3584864739686655,
    1.3584601954365638,
    1.3584429995659693,
    1.358424225962049,
    1.3584044283343768,
    1.358375036758149,
    1.3583485994616262,
    1.3583324514400907,
    1.3583238947759768,
    1.3583019100602627,
    1.358285364150676,
    1.358251487613325,
    1.3582338150201951,
    1.358220755653429,
    1.3581899280337506,
    1.3581825933877634,
    1.358152071142285,
    1.3581340791305305,
    1.3581125923062851,
    1.3580922902887633,
    1.3580870372398617,
    1.3580618907619804,
    1.358034171234371,
    1.3580133168924344,
    1.3579943005855746,
    1.3579792567135325,
    1.3579569482648628,
    1.3579287443517492,
    1.3579182863111574,
    1.357891275261561,
    1.3578841083434565,
    1.3578580212519855,
    1.3578369147737304,
    1.3578145289025658,
    1.357795789783595,
    1.3577872719045194,
    1.357756411771593,
    1.3577402539029004,
    1.3577182109218293,
    1.3576930025728684,
    1.3576625103792959,
    1.35765909131941,
    1.3576315355661348,
    1.3576117200703224,
    1.3575855718914904,
    1.3575733691005143,
    1.3575575584486275,
    1.357526377263918,
    1.3575166924529076,
    1.35749088227328,
    1.3574791004423175,
    1.3574488403609306,
    1.3574260274124514,
    1.3574081597974554,
    1.3573916770047931,
    1.3573783485582693,
    1.3573412159047218,
    1.3573309877548947
  ],
  "train_acc": [
    0.2995925710355045,
    0.42060426477591406,
    0.45870151859886765,
    0.4880152389015292,
    0.5028308376104555,
    0.5101857241123869,
    0.5155299222181068,
    0.5192867347478702,
    0.5199746018307847,
    0.5204508175035716,
    0.5205037303561035,
    0.520292078945976,
    0.5211915974390179,
    0.5209270331763586,
    0.521138684586486,
    0.521138684586486,
    0.520715381766231,
    0.5210328588814223,
    0.520715381766231,
    0.5208741203238266,
    0.520768294618763,
    0.520715381766231,
    0.5208212074712948,
    0.520715381766231,
    0.520715381766231,
    0.520715381766231,
    0.520715381766231,
    0.5210328588814223,
    0.520768294618763,
    0.5209799460288904,
    0.5208741203238266,
    0.5210857717339542,
    0.521138684586486,
    0.5208741203238266,
    0.520715381766231,
    0.5209799460288904,
    0.5212445102915498,
    0.5212445102915498,
    0.5208212074712948,
    0.5209270331763586,
    0.5208741203238266,
    0.5206095560611672,
    0.5210857717339542,
    0.5209799460288904,
    0.5208741203238266,
    0.5209799460288904,
    0.5208212074712948,
    0.5208212074712948,
    0.520715381766231,
    0.5209270331763586,
    0.5208212074712948,
    0.5209270331763586,
    0.5209799460288904,
    0.521138684586486,
    0.5212974231440817,
    0.5215090745542093,
    0.5210328588814223,
    0.5209270331763586,
    0.5213503359966136,
    0.5209270331763586,
    0.5210328588814223,
    0.5210857717339542,
    0.5209799460288904,
    0.5209799460288904,
    0.5209799460288904,
    0.5210328588814223,
    0.5208741203238266,
    0.5210328588814223,
    0.5210328588814223,
    0.5211915974390179,
    0.5208212074712948,
    0.520768294618763,
    0.5210328588814223,
    0.5209799460288904,
    0.5209799460288904,
    0.5209799460288904,
    0.5210328588814223,
    0.5212974231440817,
    0.5210857717339542,
    0.5205037303561035
  ],
  "val_loss": [
    1.6306554752798335,
    1.5761435606585077,
    1.455409336105301,
    1.4477781565719319,
    1.395944443059969,
    1.3855416813211556,
    1.3839142971850638,
    1.3790636878132454,
    1.3766477789234162,
    1.3769492742788842,
    1.3760129486651134,
    1.3758198512050022,
    1.375848136015742,
    1.3758295735450166,
    1.3758655905164219,
    1.3758262037406026,
    1.3758139687022466,
    1.375806846237679,
    1.3757820737962483,
    1.3757398285705273,
    1.3757562452923953,
    1.3757449645568411,
    1.3757393953265709,
    1.3757404686936798,
    1.3757294892948824,
    1.3757075412284079,
    1.375703036033211,
    1.375642681581278,
    1.3756445401472008,
    1.3756771770479508,
    1.375654220852319,
    1.37564776837006,
    1.375621668362454,
    1.375634656028698,
    1.3756085348382237,
    1.3755856542773137,
    1.3755874395356187,
    1.3755364340706828,
    1.3755052509096402,
    1.3754767452983498,
    1.3754868497185182,
    1.3754949289522214,
    1.37544957329946,
    1.3754324608341215,
    1.3754161096861346,
    1.3753806149217442,
    1.37536854301133,
    1.3753355922331831,
    1.375315810381079,
    1.3753050932484892,
    1.3752577291392687,
    1.3752907123225782,
    1.3752586580093147,
    1.3752104697910525,
    1.3751851204982497,
    1.3751879497949375,
    1.375185817216006,
    1.375189194034445,
    1.3752078782263493,
    1.3751682280605313,
    1.3751372094125616,
    1.3751334350248698,
    1.3751206770369595,
    1.3751111333770232,
    1.3750819161198753,
    1.3750615222547156,
    1.375036052926363,
    1.3750537551999582,
    1.3750391039824899,
    1.3750034728171716,
    1.374958777743952,
    1.3749459578974936,
    1.37494055882062,
    1.3748855639399444,
    1.374926350375425,
    1.3749356934359684,
    1.3749229553281777,
    1.374871360270931,
    1.374861366819659,
    1.37485331358772
  ],
  "val_acc": [
    0.3934830905949148,
    0.4063194273019008,
    0.46112071093557144,
    0.4788941002221674,
    0.5095038262157492,
    0.5072821525549247,
    0.5072821525549247,
    0.5097506788447297,
    0.5102443841026907,
    0.5097506788447297,
    0.5104912367316712,
    0.5117254998765737,
    0.5114786472475932,
    0.5117254998765737,
    0.5114786472475932,
    0.5107380893606517,
    0.5114786472475932,
    0.5117254998765737,
    0.5112317946186127,
    0.5119723525055542,
    0.5112317946186127,
    0.5112317946186127,
    0.5112317946186127,
    0.5112317946186127,
    0.5117254998765737,
    0.5114786472475932,
    0.5109849419896322,
    0.5119723525055542,
    0.5109849419896322,
    0.5107380893606517,
    0.5109849419896322,
    0.5107380893606517,
    0.5109849419896322,
    0.5112317946186127,
    0.5112317946186127,
    0.5112317946186127,
    0.5107380893606517,
    0.5112317946186127,
    0.5112317946186127,
    0.5114786472475932,
    0.5107380893606517,
    0.5114786472475932,
    0.5109849419896322,
    0.5114786472475932,
    0.5112317946186127,
    0.5119723525055542,
    0.5117254998765737,
    0.5117254998765737,
    0.5117254998765737,
    0.5117254998765737,
    0.5117254998765737,
    0.5109849419896322,
    0.5112317946186127,
    0.5119723525055542,
    0.5119723525055542,
    0.5119723525055542,
    0.5112317946186127,
    0.5107380893606517,
    0.5112317946186127,
    0.5117254998765737,
    0.5119723525055542,
    0.5114786472475932,
    0.5109849419896322,
    0.5107380893606517,
    0.5117254998765737,
    0.5112317946186127,
    0.5117254998765737,
    0.5114786472475932,
    0.5109849419896322,
    0.5117254998765737,
    0.5117254998765737,
    0.5119723525055542,
    0.5122192051345347,
    0.5129597630214762,
    0.5119723525055542,
    0.5124660577635152,
    0.5124660577635152,
    0.5127129103924957,
    0.5127129103924957,
    0.5119723525055542
  ],