{
  "train_loss": [
    2.373617616797547,
    2.39873455048948,
    2.397656395790574,
    2.4012107685718083,
    2.39769106001437,
    2.4026950365063877,
    2.3952551085619374,
    2.3996939927695036,
    2.3968874298597043,
    2.388167464501275,
    2.394119411232996,
    2.39995480306116,
    2.3981049928602305,
    2.3878896062394586,
    2.3906391400421145,
    2.3919052478070633,
    2.3901549561975908,
    2.396562041572975,
    2.3931309425865246,
    2.384654025941325,
    2.3644618081884428,
    2.362167243694661,
    2.3577518153625117,
    2.363875432024478,
    2.3592919615302774,
    2.360132409002666,
    2.358708886613025,
    2.360156455371341,
    2.3602174023735416,
    2.3569087087759626,
    2.3586195553139704,
    2.3611436760763906,
    2.3556790004618176,
    2.3596967857958306,
    2.3548123472224396,
    2.355092468986252,
    2.357867516791759,
    2.3535717187655316,
    2.3557517035259203,
    2.3590414822971684,
    2.3390028475205416,
    2.338509744624798,
    2.341365814645959,
    2.342422127592392,
    2.3375526376154427,
    2.3389466951962703,
    2.3410248291186697,
    2.339296883108231,
    2.3381525371402483,
    2.340612081549759,
    2.341234305812741,
    2.339203438124702,
    2.3361200693023916,
    2.343083715215588,
    2.339674692508325,
    2.341115870904972,
    2.339512332888519,
    2.339662826777188,
    2.341095906250699,
    2.337371461653689,
    2.330628453128103,
    2.330785214607033,
    2.328594619441592,
    2.3302262883660534,
    2.329602329059018,
    2.3282069739822546,
    2.328440460326157,
    2.327986642360345,
    2.3287635980337247,
    2.3296292597200363,
    2.3298003271234498,
    2.328639299617664,
    2.327582039254819,
    2.3270681282841874,
    2.329133304379847,
    2.327855214331345,
    2.328055547276461,
    2.327772777487854,
    2.3281810608200275,
    2.329803188104318
  ],
  "train_acc": [
    0.14799724853166835,
    0.10598444362135563,
    0.10598444362135563,
    0.10730726493465263,
    0.10995290756124662,
    0.10778348060743954,
    0.10228054394412403,
    0.10069315836816763,
    0.10677813640933383,
    0.10863008624794963,
    0.10529657653844118,
    0.10693687496692947,
    0.10566696650616435,
    0.10450288375046299,
    0.10804804487009895,
    0.11016455897137414,
    0.10614318217895127,
    0.10614318217895127,
    0.10206889253399651,
    0.10370919096248479,
    0.10751891634478014,
    0.10725435208212075,
    0.10603735647388751,
    0.11048203608656543,
    0.10683104926186571,
    0.10736017778718451,
    0.10434414519286735,
    0.10831260913275835,
    0.10698978781946135,
    0.1074130906397164,
    0.11138155457960738,
    0.10571987935869623,
    0.10757182919731202,
    0.10841843483782211,
    0.10614318217895127,
    0.10915921477326843,
    0.10619609503148315,
    0.10704270067199323,
    0.10593153076882375,
    0.10439705804539923,
    0.1092121276258003,
    0.10587861791629187,
    0.10561405365363247,
    0.10873591195301338,
    0.10815387057516271,
    0.10878882480554526,
    0.10847134769035399,
    0.10820678342769459,
    0.1110640774644161,
    0.10857717339541775,
    0.10614318217895127,
    0.10693687496692947,
    0.10942377903592783,
    0.10450288375046299,
    0.10984708185618286,
    0.10820678342769459,
    0.1092121276258003,
    0.10545531509603683,
    0.10974125615111911,
    0.109794169003651,
    0.10667231070427007,
    0.10698978781946135,
    0.11095825175935235,
    0.10820678342769459,
    0.11042912323403355,
    0.109794169003651,
    0.11064077464416107,
    0.1100058204137785,
    0.10508492512831366,
    0.10799513201756707,
    0.10529657653844118,
    0.11212233451505371,
    0.10651357214667442,
    0.109794169003651,
    0.10619609503148315,
    0.10646065929414254,
    0.11349806868088258,
    0.11048203608656543,
    0.1050320122757818,
    0.10730726493465263
  ],
  "val_loss": [
    2.407572678993701,
    2.4121384428729167,
    2.3943188812082132,
    2.424381323278076,
    2.5409281893522158,
    2.400232255331204,
    2.3546166020607906,
    2.4380846236011795,
    2.3615448441836566,
    2.435180566477916,
    2.4215402072842647,
    2.397564170437917,
    2.3514443655700865,
    2.4070150665102847,
    2.384787071878296,
    2.407790863899019,
    2.4190944912896315,
    2.4481626848620035,
    2.3557997470156944,
    2.404154028202556,
    2.3539988132668594,
    2.3459377102684744,
    2.376748967234806,
    2.3478538121211416,
    2.3516401089573256,
    2.359909031641753,
    2.3790837506679154,
    2.3903585308463806,
    2.3637521806974227,
    2.38339515143768,
    2.3686971014663536,
    2.3705697933151315,
    2.3891840005373575,
    2.3573508196787594,
    2.3478072675351362,
    2.3462997993782855,
    2.33033317248446,
    2.342518544500228,
    2.344184840537498,
    2.3359206596944415,
    2.333685328729215,
    2.329258831499797,
    2.3345416563769947,
    2.338714998956982,
    2.3402829550121322,
    2.3599352643948914,
    2.3430858622645694,
    2.3447520685031784,
    2.3445806184942044,
    2.333180518784813,
    2.3319466412963172,
    2.3425965981285777,
    2.3500292022199316,
    2.32779773596611,
    2.329876695047322,
    2.3285788851574765,
    2.347885556858284,
    2.338768445098266,
    2.3254685579640677,
    2.329337144856103,
    2.3290498408762126,
    2.3243057107663527,
    2.3329959393457465,
    2.3327409548032927,
    2.3268658005339358,
    2.333944295036432,
    2.323776789828751,
    2.3296097669473914,
    2.3227216001168625,
    2.32601002868051,
    2.333092322455134,
    2.3277659101070065,
    2.329654107286318,
    2.3274587243077667,
    2.326011805874153,
    2.3266328498489925,
    2.3246692473513,
    2.326713711757294,
    2.335892877831052,
    2.3318202165366393
  ],
  "val_acc": [
    0.09256973586768699,
    0.09256973586768699,
    0.11108368304122439,
    0.11108368304122439,
    0.11133053567020489,
    0.11133053567020489,
    0.11133053567020489,
    0.11108368304122439,
    0.11133053567020489,
    0.09256973586768699,
    0.09256973586768699,
    0.09256973586768699,
    0.11133053567020489,
    0.0740557886941496,
    0.11108368304122439,
    0.11108368304122439,
    0.11108368304122439,
    0.11108368304122439,
    0.11133053567020489,
    0.11108368304122439,
    0.11108368304122439,
    0.11133053567020489,
    0.11108368304122439,
    0.11108368304122439,
    0.11108368304122439,
    0.11108368304122439,
    0.11133053567020489,
    0.11108368304122439,
    0.11133053567020489,
    0.11108368304122439,
    0.11108368304122439,
    0.11108368304122439,
    0.11133053567020489,
    0.11108368304122439,
    0.11108368304122439,
    0.11108368304122439,
    0.11108368304122439,
    0.11108368304122439,
    0.11108368304122439,
    0.11108368304122439,
    0.11108368304122439,
    0.11108368304122439,
    0.11108368304122439,
    0.11108368304122439,
    0.11108368304122439,
    0.11133053567020489,
    0.09256973586768699,
    0.11133053567020489,
    0.09256973586768699,
    0.11108368304122439,
    0.11108368304122439,
    0.11108368304122439,
    0.11133053567020489,
    0.11108368304122439,
    0.11108368304122439,
    0.09256973586768699,
    0.11108368304122439,
    0.11108368304122439,
    0.11108368304122439,
    0.09256973586768699,
    0.11133053567020489,
    0.11108368304122439,
    0.11108368304122439,
    0.11133053567020489,
    0.11108368304122439,
    0.11108368304122439,
    0.11108368304122439,
    0.11108368304122439,
    0.11108368304122439,
    0.11133053567020489,
    0.09256973586768699,
    0.11133053567020489,
    0.11108368304122439,
    0.11133053567020489,
    0.11108368304122439,
    0.11108368304122439,
    0.11133053567020489,
    0.11108368304122439,
    0.11108368304122439,
    0.11108368304122439
  ],