{
  "train_loss": [
    5.015618666964573,
    4.878580965234529,
    4.882915551171177,
    4.858535029014212,
    4.833326300617357,
    4.820742791377733,
    4.8186282502845765,
    4.794034584157945,
    4.782635295409351,
    4.762168846541113,
    4.742397688179427,
    4.766940747178553,
    4.759319334264058,
    4.734283697660543,
    4.780793761667627,
    4.7763731052622544,
    4.7440917240601355,
    4.73483325123731,
    4.71688568292819,
    4.728059502127912,
    4.611522601244093,
    4.570739482361805,
    4.586774463446022,
    4.5533279754523,
    4.574317460715045,
    4.544889010867114,
    4.531505146817161,
    4.533661172929756,
    4.5262880301949755,
    4.531216162331159,
    4.502720535693375,
    4.518796895700199,
    4.5019391270875,
    4.507092845270162,
    4.485448834539992,
    4.499815085260838,
    4.495879269933346,
    4.488605635524653,
    4.507321845865454,
    4.500859113042598,
    4.4322821022859875,
    4.413812662141072,
    4.412730710870535,
    4.409735085842736,
    4.409229020805915,
    4.403816327587333,
    4.405013726035425,
    4.4168626113698055,
    4.403849708553269,
    4.409169398581961,
    4.399724312806407,
    4.408087585632935,
    4.406138860266959,
    4.408701281949885,
    4.400026809784691,
    4.406954225988828,
    4.4022659068983785,
    4.399328141854499,
    4.398272812498909,
    4.397771206217472,
    4.3684391580747395,
    4.354344105005007,
    4.361261827553707,
    4.360572056001755,
    4.365469601391736,
    4.362339570593522,
    4.367428827016001,
    4.360129958751169,
    4.356972332977381,
    4.368555074854962,
    4.360504718378766,
    4.367630527829957,
    4.3672146842193085,
    4.363266475066599,
    4.367548230514087,
    4.366982180440019,
    4.366836353887228,
    4.362084937390195,
    4.360864163404678,
    4.369916997719848
  ],
  "train_acc": [
    0.30684163183237206,
    0.4009206836340547,
    0.410497909942325,
    0.4315572252500132,
    0.4503412878988306,
    0.4686491348748611,
    0.4714006032065189,
    0.4905550558230594,
    0.49103127149584636,
    0.5035716175459019,
    0.515477009365575,
    0.5091803799142812,
    0.5115614582782158,
    0.5270649240700566,
    0.5125138896237896,
    0.5227260701624424,
    0.5353722419175618,
    0.5341023334567967,
    0.5435208212074712,
    0.541880522778983,
    0.5841049790994233,
    0.5966453251494788,
    0.5914598656013546,
    0.6041060373564738,
    0.5889729615323562,
    0.6031536060109001,
    0.6072808085083867,
    0.6072278956558548,
    0.6120429652362559,
    0.6038943859463464,
    0.6155881263558919,
    0.6134716122546167,
    0.6182337689824858,
    0.6162230805862744,
    0.6266469125350548,
    0.6190274617704641,
    0.6202973702312292,
    0.6275464310280967,
    0.6210381501666755,
    0.6249007884015028,
    0.6535266416212498,
    0.6625747394042013,
    0.6627334779617969,
    0.6627863908143288,
    0.6656965977035822,
    0.668395153182708,
    0.665326207735859,
    0.6624689136991375,
    0.6703000158738558,
    0.6708291443991745,
    0.6710407958093021,
    0.6650087306206678,
    0.6700354516111964,
    0.6722048785650034,
    0.67548547542198,
    0.6731043970580454,
    0.6752738240118524,
    0.6777607280808509,
    0.6816762791682099,
    0.6779194666384465,
    0.6934758452828192,
    0.7023652045081751,
    0.6977088734853696,
    0.6973913963701783,
    0.6982909148632203,
    0.6994020847663898,
    0.6981850891581565,
    0.7023652045081751,
    0.7000899518493042,
    0.7018360759828562,
    0.7047462828721096,
    0.7016244245727287,
    0.7001428647018361,
    0.7080797925816181,
    0.7033176358537488,
    0.7040055029366633,
    0.7069686226784486,
    0.7080797925816181,
    0.7108312609132759,
    0.7061220170379385
  ],
  "val_loss": [
    4.880202912145004,
    4.873240142030453,
    4.831483282722401,
    4.838881271079597,
    4.854443260072617,
    4.848903987221165,
    4.737164120164403,
    4.849511082530963,
    4.8120345721081,
    4.886283175536591,
    4.954160709138841,
    4.756790477803525,
    4.8547190493957695,
    4.8406658272718195,
    5.120764739398981,
    4.995756432872174,
    4.774640484154245,
    5.124141957524296,
    4.752605554599238,
    4.867513583397578,
    4.702827607526982,
    4.983768506278912,
    4.62846898908627,
    4.772785181688829,
    4.735058596862064,
    4.64017212279326,
    4.606617737889228,
    4.643787411689593,
    4.699769094381566,
    4.6322333885938916,
    4.713666140386289,
    4.688169814224413,
    4.639541376434712,
    4.59595621449668,
    4.676542502802849,
    4.66181671419868,
    4.609517705172045,
    4.7064458938521145,
    4.637456471258497,
    4.790989680259217,
    4.606789112318822,
    4.569076789757679,
    4.627117060980646,
    4.559189240211689,
    4.606413816922749,
    4.573439199669362,
    4.61401424136665,
    4.596284669315808,
    4.587533841642228,
    4.625795942652121,
    4.614638179902604,
    4.602298880164001,
    4.682020084838252,
    4.648746656413509,
    4.6302698306841785,
    4.616403206745798,
    4.591088656274492,
    4.599232891326442,
    4.588384799510294,
    4.6593469030855355,
    4.5884350780239345,
    4.593994710372315,
    4.58594997771779,
    4.611568035878328,
    4.652718700174808,
    4.683254881839032,
    4.721422583309329,
    4.692682272681539,
    4.706288683509539,
    4.679529464072802,
    4.606631347840324,
    4.60504080123004,
    4.68511394987987,
    4.663988344947561,
    4.657503682218021,
    4.672428418816721,
    4.6616281300962825,
    4.647266385498023,
    4.638411534077401,
    4.632742193038879
  ],
  "val_acc": [
    0.3826215749197729,
    0.3942236484818563,
    0.44507529005183905,
    0.44359417427795605,
    0.41076277462354976,
    0.43051098494198964,
    0.5294988891631696,
    0.47050111083683044,
    0.4756850160454209,
    0.43075783757097014,
    0.42557393236237967,
    0.5228338681806961,
    0.46877314243396695,
    0.48506541594667985,
    0.41076277462354976,
    0.4339669217477166,
    0.533201678597877,
    0.4322389533448531,
    0.5373981732905455,
    0.49987657368550975,
    0.5576400888669464,
    0.47050111083683044,
    0.5788694149592694,
    0.5260429523574426,
    0.5334485312268575,
    0.564798815107381,
    0.5882498148605283,
    0.5739323623796594,
    0.538632436435448,
    0.5704764255739324,
    0.541594667983214,
    0.5578869414959269,
    0.5746729202666009,
    0.5912120464082943,
    0.5692421624290299,
    0.5680078992841274,
    0.5899777832633918,
    0.5586274993828684,
    0.5791162675882499,
    0.5408541100962725,
    0.5983707726487287,
    0.6117008146136756,
    0.5904714885213528,
    0.6223154776598371,
    0.6035546778573192,
    0.6097259935818317,
    0.6052826462601827,
    0.6099728462108122,
    0.6178721303381881,
    0.6025672673413972,
    0.6112071093557147,
    0.6089854356948902,
    0.5870155517156258,
    0.6030609725993582,
    0.6151567514194026,
    0.6097259935818317,
    0.6255245618365836,
    0.6149098987904221,
    0.627252530239447,
    0.5976302147617872,
    0.6260182670945446,
    0.6304616144161935,
    0.628239940755369,
    0.627746235497408,
    0.6092322883238707,
    0.6099728462108122,
    0.5988644779066897,
    0.5998518884226117,
    0.5956553937299432,
    0.6087385830659097,
    0.631695877561096,
    0.6304616144161935,
    0.6089854356948902,
    0.6191063934830906,
    0.6186126882251296,
    0.6149098987904221,
    0.6208343618859541,
    0.6146630461614416,
    0.6252777092076031,
    0.6304616144161935
  ],