{
  "train_loss": [
    1.8689317567783361,
    1.6527350069164828,
    1.588183912849947,
    1.5651641930047329,
    1.5443648572811284,
    1.5393131894911052,
    1.483966610599189,
    1.4493863564903047,
    1.4575307858304765,
    1.4296162898080125,
    1.4389371708418903,
    1.417316131004566,
    1.3732469759267618,
    1.4182482921808555,
    1.3660375621050607,
    1.370142384053374,
    1.3692739285134905,
    1.34117814565637,
    1.3154410373901544,
    1.339377306063783,
    1.2272414129452123,
    1.2072001813434685,
    1.202644291441879,
    1.196818534111148,
    1.1896858100388192,
    1.191295165881337,
    1.1693217161906024,
    1.1609195311323293,
    1.1711282580642997,
    1.1656557416620823,
    1.1591451613103636,
    1.1556587801990659,
    1.1883702844519992,
    1.1530551475453132,
    1.1324657148626536,
    1.1561193953811555,
    1.1342645130529356,
    1.1472542026286379,
    1.1596422186244815,
    1.1345221403652566,
    1.0595593435930015,
    1.064248156804968,
    1.0490900073516654,
    1.0675247023522252,
    1.054937610914081,
    1.0375136562917049,
    1.0560320058467547,
    1.0337987371419437,
    1.0378015717889075,
    1.0356124119246686,
    1.0313553099036836,
    1.0334297094362042,
    1.031119176447685,
    1.0371810286271517,
    1.0381520092687873,
    1.0208610858838192,
    1.0260086172848835,
    1.0214619636505435,
    1.0180393902234965,
    1.0190771552794338,
    0.9825415227583831,
    0.9779364634933747,
    0.9746167279464801,
    0.9734320863564629,
    0.9718271071230674,
    0.9781204467735046,
    0.9718773092862687,
    0.9761316581596505,
    0.9773312199625744,
    0.9643399706486008,
    0.968246330228146,
    0.9704026506527782,
    0.9640976179170563,
    0.9663247253115282,
    0.9629381634303089,
    0.960459551236901,
    0.9641821908254187,
    0.970210010495936,
    0.9555473567666541,
    0.9774847015836026
  ],
  "train_acc": [
    0.28001481559870894,
    0.38843325043653104,
    0.41615958516323615,
    0.42573681147150644,
    0.4364252076829462,
    0.4347849092544579,
    0.46404571670458755,
    0.47621567278691995,
    0.478385099740727,
    0.48256521509074557,
    0.48552833483253083,
    0.49261865707180275,
    0.5033070532832425,
    0.4919307899888883,
    0.5201862532409122,
    0.5085983385364305,
    0.5128842795915127,
    0.5264828826922059,
    0.5381237102492196,
    0.5266416212498016,
    0.5684427747499867,
    0.5737869728557067,
    0.5725699772474734,
    0.5789724324038309,
    0.5840520662468913,
    0.5820413778506799,
    0.5882850944494418,
    0.5920948198317372,
    0.5882321815969099,
    0.5888671358272924,
    0.589978305730462,
    0.5929414254722473,
    0.5806127308323191,
    0.5922535583893328,
    0.6017778718450711,
    0.590401608550717,
    0.5966453251494788,
    0.598761839250754,
    0.5907719985184401,
    0.599185142071009,
    0.6289221651939256,
    0.6254828297793534,
    0.6342663632996455,
    0.6268585639451822,
    0.6303508122122864,
    0.6390285200275146,
    0.6338430604793904,
    0.6398222128154929,
    0.6369120059262395,
    0.6362241388433251,
    0.640192602783216,
    0.6417270755066405,
    0.6400338642256204,
    0.6389756071749828,
    0.6398751256680247,
    0.6465421450870417,
    0.6410392084237261,
    0.645960103709191,
    0.6478120535478068,
    0.6430498968199375,
    0.6592941425472247,
    0.661357743795968,
    0.6591354039896291,
    0.6633155193396476,
    0.6635271707497751,
    0.6629980422244564,
    0.6614106566485,
    0.6645854278004127,
    0.6630509550769882,
    0.6661728133763691,
    0.6669665061643473,
    0.661833959468755,
    0.6673898089846023,
    0.6639504735700301,
    0.6661728133763691,
    0.6678131118048574,
    0.6682364146251124,
    0.6672839832795386,
    0.6708820572517065,
    0.661357743795968
  ],
  "val_loss": [
    1.7754439104830775,
    1.9113122246051681,
    1.5435732922806196,
    1.5177876546707934,
    1.884862391779045,
    1.4834185880970845,
    1.4674740646829123,
    1.4770227195495798,
    1.4460827489256234,
    1.4147954146635118,
    1.403966206999769,
    1.4124031254441867,
    1.40944258588233,
    1.4571000628833566,
    1.6627598605207161,
    1.4049979216435085,
    1.296848560234435,
    1.3138963518162725,
    1.4295108841726576,
    1.5211302384573435,
    1.394036686490633,
    1.4113589120131902,
    1.3236508626204229,
    1.4120929118915413,
    1.263612622089261,
    1.2520138416278932,
    1.3605395230922075,
    1.2534966451056007,
    1.6711526058593258,
    1.255148979191323,
    1.3022961759412688,
    1.2905345562502935,
    1.4869155747715028,
    1.3328305900081392,
    1.3387914984771376,
    1.2343837957466084,
    1.2418573846001948,
    1.6822867534387755,
    1.2369503118959067,
    1.196148225492043,
    1.1783158808673209,
    1.1910146392765046,
    1.2726456169091338,
    1.236042399640848,
    1.2109179085116897,
    1.1745977075773164,
    1.1942219610170721,
    1.2127284671058272,
    1.2897092424947108,
    1.2098448100821737,
    1.2451744454480327,
    1.3447409394228722,
    1.193711913520173,
    1.4866908571811681,
    1.1864372303289634,
    1.2761019241669322,
    1.2065193210630236,
    1.2307089633676263,
    1.3384710885022848,
    1.2993527978853734,
    1.173773661052996,
    1.1967052797689934,
    1.234200060880334,
    1.192299614801941,
    1.194235466095143,
    1.1642468547873421,
    1.2115169156619077,
    1.2876742658642952,
    1.1866204011882526,
    1.199671795401931,
    1.1781554921900013,
    1.1757468418766888,
    1.2477487206821598,
    1.1587087277868326,
    1.1820775380794661,
    1.2159607557978902,
    1.1863090531845903,
    1.1807924834820376,
    1.2344074003070276,
    1.1605300330224015
  ],
  "val_acc": [
    0.3218958281905702,
    0.31597136509503826,
    0.4174277956060232,
    0.46901999506294745,
    0.360898543569489,
    0.46877314243396695,
    0.4732164897556159,
    0.452974574179215,
    0.44334732164897556,
    0.4784003949642064,
    0.5099975314737102,
    0.48086892125401137,
    0.5050604788941002,
    0.4677857319180449,
    0.40434460627005675,
    0.49888916316958776,
    0.5438163416440385,
    0.5457911626758825,
    0.4919772895581338,
    0.46926684769192795,
    0.5082695630708467,
    0.4944458158479388,
    0.531226857566033,
    0.49864231054060726,
    0.5618365835596149,
    0.5578869414959269,
    0.5141940261663787,
    0.5625771414465565,
    0.43001727968402864,
    0.5623302888175759,
    0.544063194273019,
    0.5490002468526289,
    0.4902493211552703,
    0.5314737101950135,
    0.5299925944211306,
    0.5749197728955814,
    0.5719575413478154,
    0.44581584793878054,
    0.5781288570723279,
    0.5843001727968403,
    0.5894840780054308,
    0.5847938780548013,
    0.563317699333498,
    0.5754134781535424,
    0.5801036781041718,
    0.5954085411009628,
    0.5912120464082943,
    0.5855344359417428,
    0.5576400888669464,
    0.5838064675388793,
    0.5707232782029129,
    0.536657615403604,
    0.5882498148605283,
    0.4946926684769193,
    0.5931868674401383,
    0.5714638360898544,
    0.5867686990866453,
    0.5756603307825229,
    0.5544310046901999,
    0.5613428783016539,
    0.5973833621328067,
    0.6005924463095532,
    0.5833127622809183,
    0.5971365095038262,
    0.5934337200691188,
    0.5988644779066897,
    0.5887435201184893,
    0.5623302888175759,
    0.5998518884226117,
    0.5954085411009628,
    0.6005924463095532,
    0.5981239200197482,
    0.5820784991360158,
    0.6134287830165391,
    0.6030609725993582,
    0.5917057516662553,
    0.5998518884226117,
    0.5988644779066897,
    0.5865218464576648,
    0.6119476672426561
  ],