{
  "train_loss": [
    1.8598599435352565,
    1.6999222681278947,
    1.6576488946372832,
    1.637256420123068,
    1.6047634634884693,
    1.5740273661149755,
    1.5502009133369883,
    1.5351139707984098,
    1.5320158905369463,
    1.552721497705095,
    1.5526942469821867,
    1.527824708565246,
    1.5251763637165634,
    1.5249100762384602,
    1.5060805803420476,
    1.5100396937541773,
    1.525509135461928,
    1.506607519682199,
    1.4850110131238377,
    1.4950867635011515,
    1.4003368052163516,
    1.38650460250848,
    1.3962100935739137,
    1.3800222717175061,
    1.3869964226988716,
    1.3840424236536495,
    1.3853056381851965,
    1.35491369303502,
    1.3835385857991571,
    1.3643980048403106,
    1.3658407418761314,
    1.3780381986736936,
    1.3653972008398423,
    1.374655864890705,
    1.3695547100076022,
    1.3606555851428694,
    1.357033254353541,
    1.3571518412474735,
    1.3644737322673712,
    1.3531866830312718,
    1.2828861710726467,
    1.2762771915841935,
    1.2860922918831998,
    1.2802246439756741,
    1.2767024360536097,
    1.2683129489087808,
    1.273633545247174,
    1.2621831900673697,
    1.260000361276599,
    1.2671445428158636,
    1.2614061146440765,
    1.2543039889977998,
    1.2621424667947845,
    1.2539272641531265,
    1.251480425337163,
    1.2424296247029376,
    1.2608570918285282,
    1.2454282969050106,
    1.2400411304303531,
    1.2482870389697933,
    1.2075663042426175,
    1.207938980692832,
    1.2087329464207528,
    1.204553376129547,
    1.2014188388521476,
    1.2098879809104792,
    1.205149793370576,
    1.1967479212297065,
    1.1964399492800983,
    1.1948945714932624,
    1.1988143108566442,
    1.1886611479002118,
    1.1915336406642514,
    1.1888781262635444,
    1.190590994031327,
    1.1985632765057495,
    1.1845009902362345,
    1.1911985907233298,
    1.1916392566152654,
    1.1922045205124912
  ],
  "train_acc": [
    0.29133816604053125,
    0.3634583840414837,
    0.37710989999470873,
    0.38658130059791523,
    0.4011852478967141,
    0.4173765807714694,
    0.42928197259114237,
    0.4280120641303773,
    0.43277422085824646,
    0.4252076829461876,
    0.4288057569183555,
    0.43965289168739086,
    0.4434626170696862,
    0.4392295888671358,
    0.4498650722260437,
    0.4445208741203238,
    0.44314513995449495,
    0.4503412878988306,
    0.4573257844330388,
    0.45214032488491457,
    0.4892851473622943,
    0.4930948727445897,
    0.4908725329382507,
    0.49690459812688503,
    0.4950526482882692,
    0.4991798507857559,
    0.4945764326154823,
    0.5020900576750092,
    0.49441769405788666,
    0.5059526959098365,
    0.5041536589237526,
    0.49944441504841525,
    0.5033070532832425,
    0.4963754696015662,
    0.5012434520344992,
    0.5065347372876872,
    0.5112968940155563,
    0.5039949203661569,
    0.5027250119053919,
    0.5100269855547913,
    0.5335732049314779,
    0.5432562569448119,
    0.5334144663738822,
    0.5353193290650299,
    0.5381766231017514,
    0.5462722895391291,
    0.5442086882903857,
    0.5481242393777449,
    0.5443674268479813,
    0.5408222657283455,
    0.5420392613365786,
    0.5445790782581089,
    0.5430446055346844,
    0.5469072437695116,
    0.5469601566220434,
    0.5519339647600402,
    0.5415101328112598,
    0.5482300650828086,
    0.5539446531562516,
    0.5479125879676173,
    0.5631514894967987,
    0.5656383935657971,
    0.5642097465474364,
    0.5677019948145404,
    0.5688131647177099,
    0.5671728662892217,
    0.5685486004550505,
    0.5717762844594952,
    0.5698185089158156,
    0.5740515371183661,
    0.5703476374411345,
    0.5726228901000053,
    0.5716175459018996,
    0.5740515371183661,
    0.5754801841367269,
    0.5705063759987301,
    0.5765913540398963,
    0.5714588073443039,
    0.5700830731784751,
    0.5700830731784751
  ],
  "val_loss": [
    1.661768193345637,
    1.6365936975454463,
    1.5684059745313204,
    1.739130547504643,
    1.5076734112290922,
    1.871642583973813,
    1.6516761019332091,
    1.600995802314357,
    1.5625639282501727,
    1.6697003501560586,
    1.5772556366578765,
    1.6234165888822825,
    1.5400994213887647,
    1.7019331723833742,
    1.549883329572478,
    1.5540651837857755,
    1.4469909566290229,
    1.6034748893339554,
    1.520348464181256,
    1.5094974487656532,
    1.4019676954268216,
    1.404620559654569,
    1.514515627179534,
    1.403293232620839,
    1.4859230438125253,
    1.5127457879588553,
    1.4157456866397091,
    1.404421013996954,
    1.4288611975417789,
    1.462289647357647,
    1.39295655674314,
    1.4040329450744093,
    1.4015293143723104,
    1.4601923344962244,
    1.5198356425217951,
    1.4217785355366148,
    1.3827439595844797,
    1.478690631526908,
    1.5221076984842223,
    1.50591299676991,
    1.3634638567427566,
    1.416807217672364,
    1.3928108539177741,
    1.567292788209138,
    1.389172882660306,
    1.414776012229152,
    1.6252222526811388,
    1.3671292399845734,
    1.4505676868818458,
    1.456244101517873,
    1.4011780493401162,
    1.3349629852637355,
    1.3470211165690373,
    1.368713378353432,
    1.3683653751191092,
    1.3861636770708183,
    1.359785147868382,
    1.344006237648915,
    1.4028518453536045,
    1.335407208662818,
    1.3390788709341719,
    1.3686751926755067,
    1.3365866617202802,
    1.372374084110739,
    1.3807885622674496,
    1.3240305438443705,
    1.3387430565192389,
    1.3599137990176926,
    1.3488177688342864,
    1.347985193249778,
    1.3396833939674708,
    1.3289699797274768,
    1.3359550317604996,
    1.438059982213301,
    1.3429965190465312,
    1.32571036982401,
    1.3532806742684376,
    1.3234069415026968,
    1.3100877865108658,
    1.3505661765969468
  ],
  "val_acc": [
    0.3944705011108368,
    0.3979264379165638,
    0.4238459639595162,
    0.3485559121204641,
    0.4512466057763515,
    0.2935077758578129,
    0.38978030116020734,
    0.4006418168353493,
    0.41594667983214023,
    0.41100962725253026,
    0.41545297457417923,
    0.3986669958035053,
    0.4211305850407307,
    0.3969390274006418,
    0.4080473957047643,
    0.44482843742285855,
    0.46877314243396695,
    0.41125647988151076,
    0.4401382374722291,
    0.4194026166378672,
    0.4766724265613429,
    0.4788941002221674,
    0.4374228585534436,
    0.4949395211058998,
    0.449518637373488,
    0.4344606270056776,
    0.4729696371266354,
    0.5016045420883732,
    0.4682794371760059,
    0.4744507529005184,
    0.5109849419896322,
    0.48160947914095287,
    0.4917304369291533,
    0.47124166872377193,
    0.453961984695137,
    0.4929647000740558,
    0.5062947420390027,
    0.4648235003702789,
    0.453468279437176,
    0.4685262898049864,
    0.5139471735373982,
    0.4887682053813873,
    0.5030856578622562,
    0.4322389533448531,
    0.5058010367810417,
    0.49790175265366576,
    0.4349543322636386,
    0.5169094050851641,
    0.4739570476425574,
    0.4786472475931869,
    0.48531226857566034,
    0.5272772155023451,
    0.5193779313749691,
    0.5122192051345347,
    0.5154282893112812,
    0.5117254998765737,
    0.5137003209084177,
    0.5159219945692421,
    0.4944458158479388,
    0.5206121945198716,
    0.5228338681806961,
    0.5104912367316712,
    0.5250555418415206,
    0.5095038262157492,
    0.5119723525055542,
    0.5285114786472476,
    0.5198716366329301,
    0.5243149839545791,
    0.5203653418908911,
    0.5198716366329301,
    0.5215996050357936,
    0.533201678597877,
    0.5183905208590471,
    0.48654653172056284,
    0.5243149839545791,
    0.5359170575166625,
    0.5114786472475932,
    0.5359170575166625,
    0.533695383855838,
    0.5238212786966181
  ],