{
  "train_loss": [
    2.1298936825914305,
    1.9535513910576368,
    1.8978999339439853,
    1.8454049396379848,
    1.856365220361593,
    1.8223958963936007,
    1.8122253805740167,
    1.7937034716618576,
    1.77150848961487,
    1.7647239184241008,
    1.762372388026909,
    1.7623834180621052,
    1.7786598422241306,
    1.7481417810915103,
    1.7364023802470434,
    1.7509348683659158,
    1.7248318081967606,
    1.7083024906837512,
    1.7053882342871958,
    1.7614045970934487,
    1.6136287458836573,
    1.5773048591436372,
    1.5720325685031715,
    1.5722935736413073,
    1.5821697139479158,
    1.5666355232498508,
    1.567656340120805,
    1.5555633950163474,
    1.5410241593345448,
    1.5419017184700323,
    1.5573423622921507,
    1.534493342407105,
    1.536107722883959,
    1.5394571736816027,
    1.5294823347101574,
    1.526068811615474,
    1.5229698073983648,
    1.5140455999894382,
    1.5392854821731101,
    1.5077798270925034,
    1.4523227933429876,
    1.4389390002852598,
    1.4352244813553758,
    1.4426711073743184,
    1.4342580565855922,
    1.4389221228484832,
    1.4283630016381168,
    1.4295428027421326,
    1.4279283355111032,
    1.4187976940239884,
    1.4191537129383607,
    1.435861025005218,
    1.4187813479930595,
    1.412032932538053,
    1.4143858346275606,
    1.4214848865183876,
    1.4176966043858563,
    1.4067987265123463,
    1.4141392393043175,
    1.410661253362089,
    1.370378278045102,
    1.3591699650128588,
    1.365452925685741,
    1.3624365881210188,
    1.3582619567848446,
    1.356986217874231,
    1.3648815740952507,
    1.354492934938906,
    1.356439607394939,
    1.3544231001929987,
    1.3537950811368007,
    1.3579363128481063,
    1.3558430146349025,
    1.352003378601831,
    1.3515976148770765,
    1.3515008874648706,
    1.3540209623261346,
    1.3535844237962358,
    1.351558501865452,
    1.3547076372748117
  ],
  "train_acc": [
    0.3037197735329912,
    0.38864490184665856,
    0.4186994020847664,
    0.44489126408804697,
    0.44679612677919467,
    0.4671146621514366,
    0.4696015662204349,
    0.48891475739457113,
    0.4914016614635695,
    0.5023546219376687,
    0.5022487962326049,
    0.5071167786655378,
    0.5003439335414572,
    0.5127255410339171,
    0.5221440287845918,
    0.5164823535636807,
    0.5234668500978887,
    0.5374358431663051,
    0.540557701465686,
    0.5234668500978887,
    0.5757447483993862,
    0.5898724800253982,
    0.5905603471083126,
    0.589978305730462,
    0.5859040160855071,
    0.5946875496057993,
    0.5930472511773109,
    0.6004021376792423,
    0.6020424361077306,
    0.6037356473887507,
    0.6025186517805174,
    0.6078099370337054,
    0.6109317953330864,
    0.6079157627387692,
    0.6126779194666384,
    0.6142653050425948,
    0.617757553309699,
    0.61638181914387,
    0.6138420022223398,
    0.6227842743002275,
    0.640615905603471,
    0.6528916873908672,
    0.6500873062066777,
    0.647282925022488,
    0.6534208159161861,
    0.652997513095931,
    0.6553785914598657,
    0.6531033388009948,
    0.6563310228054394,
    0.6605640510079899,
    0.6584475369067146,
    0.6533679030636541,
    0.6597703582200116,
    0.6608286152706493,
    0.66310386792952,
    0.6579184083813958,
    0.6611460923858405,
    0.6668077676067516,
    0.6639504735700301,
    0.6633684321921794,
    0.6827874490713794,
    0.6862267844859516,
    0.685644743108101,
    0.6856976559606328,
    0.6871792158315255,
    0.6879729086195037,
    0.6825757976612519,
    0.6902481612783745,
    0.6868617387163342,
    0.6859622202232922,
    0.6907772898036934,
    0.6862267844859516,
    0.6889253399650775,
    0.689136991375205,
    0.6902481612783745,
    0.6905127255410339,
    0.6899835970157151,
    0.6904068998359701,
    0.6901952484258427,
    0.6907243769511614
  ],
  "val_loss": [
    2.0172691678243435,
    1.9425749189865869,
    1.822150228032415,
    1.8425942666297297,
    1.9773290056405521,
    1.8889074171267608,
    1.7608784049472272,
    1.7762382522262685,
    1.7332717586327449,
    1.9991876410008105,
    1.8322646127980293,
    1.805575009893159,
    1.7723109975697293,
    1.7473532438506496,
    1.7155970667162652,
    1.8396406968390668,
    1.7614377207609588,
    1.760460520620003,
    2.148451131835384,
    1.8361498828653258,
    1.664851276771739,
    1.6819945218783896,
    1.6953352703688986,
    1.6124689212789713,
    1.6227936297681662,
    1.6917616726182958,
    1.6179277717857654,
    1.744900186131549,
    1.6391619924894527,
    1.6618124738456501,
    1.732923554621547,
    1.6154249689036562,
    1.7331042392508795,
    1.6166005346997472,
    1.691968732025603,
    1.6668835365727797,
    1.6102913169071809,
    1.6926617824121175,
    1.6121453871302542,
    1.6333104946415014,
    1.5951489582916243,
    1.585638210632523,
    1.6409545271001686,
    1.6280017748135123,
    1.6665315669508762,
    1.6010586193228193,
    1.5947972370773655,
    1.6133924283413728,
    1.6488639501193616,
    1.5884118956598023,
    1.6364566886692895,
    1.6004791456970646,
    1.6097931579100901,
    1.590327557089744,
    1.7271646075012397,
    1.6831513744320683,
    1.6051909596143827,
    1.6018289970822364,
    1.592011160462152,
    1.6491684027843139,
    1.5631874033783255,
    1.5786722593894378,
    1.5853495368724024,
    1.566422212971841,
    1.5803985570082457,
    1.5758162264383975,
    1.5679622060959832,
    1.5720257353936338,
    1.609673086293449,
    1.59962917537134,
    1.6211176975803891,
    1.5845920840227141,
    1.6048510606440598,
    1.5768653852090138,
    1.5990904380913822,
    1.591637179474306,
    1.5814247234195602,
    1.587001549196235,
    1.6450041200631662,
    1.6169764222310523
  ],
  "val_acc": [
    0.368304122438904,
    0.41150333251049126,
    0.4376697111824241,
    0.455936805726981,
    0.3796593433720069,
    0.4406319427301901,
    0.4766724265613429,
    0.48753394223648483,
    0.5023450999753147,
    0.4406319427301901,
    0.46186126882251294,
    0.46334238459639593,
    0.49740804739570477,
    0.5186373734880276,
    0.5319674154529745,
    0.48654653172056284,
    0.5159219945692421,
    0.5129597630214762,
    0.4070599851888423,
    0.4897556158973093,
    0.5576400888669464,
    0.5610960256726734,
    0.5529498889163169,
    0.5801036781041718,
    0.5761540360404839,
    0.5467785731918045,
    0.5756603307825229,
    0.5418415206121945,
    0.5714638360898544,
    0.5702295729449519,
    0.546038015304863,
    0.5793631202172304,
    0.5544310046901999,
    0.5830659096519378,
    0.56430510984942,
    0.5670204887682054,
    0.5838064675388793,
    0.5709701308318934,
    0.5929400148111578,
    0.5776351518143669,
    0.5973833621328067,
    0.5998518884226117,
    0.5862749938286843,
    0.5867686990866453,
    0.5805973833621328,
    0.6028141199703777,
    0.6025672673413972,
    0.5986176252777092,
    0.5867686990866453,
    0.6055294988891632,
    0.5907183411503333,
    0.6035546778573192,
    0.5929400148111578,
    0.6121945198716366,
    0.5665267835102444,
    0.5796099728462109,
    0.6025672673413972,
    0.6040483831152802,
    0.6139224882745001,
    0.5963959516168847,
    0.6200938039990126,
    0.6107134040977537,
    0.6139224882745001,
    0.6193532461120711,
    0.6154036040483831,
    0.6141693409034806,
    0.6198469513700321,
    0.6156504566773636,
    0.6057763515181437,
    0.6156504566773636,
    0.6089854356948902,
    0.6223154776598371,
    0.6158973093063441,
    0.6191063934830906,
    0.6070106146630462,
    0.6109602567267342,
    0.6240434460627006,
    0.6107134040977537,
    0.5976302147617872,
    0.6121945198716366
  ],