{
  "train_loss": [
    1.8283813904345283,
    1.6357357286217324,
    1.5707193138506284,
    1.5016196539781734,
    1.506407435502613,
    1.4710486913713468,
    1.4628041082367849,
    1.4295111568289685,
    1.4179257576044109,
    1.3900791102312595,
    1.4050594210378022,
    1.3573363664238576,
    1.3740026456683525,
    1.3333282529472343,
    1.3528654372284088,
    1.3353267047703654,
    1.3627507762356879,
    1.3333471774802697,
    1.316217835693271,
    1.3401769429028525,
    1.1950289090907171,
    1.1836596547552383,
    1.1668222159892059,
    1.1572993564532492,
    1.1518800998781813,
    1.1656523403645855,
    1.1438271882088338,
    1.1438916627734497,
    1.1495568872962836,
    1.1477357466902816,
    1.1241376056604462,
    1.1413784740232,
    1.1330881445528704,
    1.1135171535153292,
    1.1369174543140297,
    1.1260692019929406,
    1.103839182767007,
    1.1353380786168943,
    1.120590448313509,
    1.1409627259818107,
    1.051228974309832,
    1.027659221436731,
    1.0238789806269561,
    1.0325820475605243,
    1.0159230699313113,
    1.0043813572658151,
    1.0067584918965762,
    1.0036448645957174,
    1.0014210906440582,
    0.9964088405666348,
    0.9982343246072722,
    0.9992795183645813,
    0.9994058070464488,
    0.998531730820077,
    1.0051868638353425,
    0.9978753803193168,
    0.9886044952862706,
    0.9861898387547607,
    0.9804131772844377,
    0.9807988788992827,
    0.9419691287835467,
    0.9393036111893881,
    0.9318900623123363,
    0.937573117190955,
    0.9324392948787342,
    0.9347801214379494,
    0.934818348066765,
    0.9283079104156323,
    0.9269769951781065,
    0.9262294870368318,
    0.9263686238385628,
    0.934242936771728,
    0.9281526929521028,
    0.9228431233986601,
    0.9260387950680505,
    0.9184453874331651,
    0.9263202256112291,
    0.9215472341760846,
    0.9228930322835696,
    0.9221012292754602
  ],
  "train_acc": [
    0.2957299328006773,
    0.38658130059791523,
    0.4117678184030901,
    0.4433038785120906,
    0.4437271813323456,
    0.45880734430393144,
    0.46748505211915975,
    0.4771151912799619,
    0.47991957246415157,
    0.4920366156939521,
    0.48600455050531777,
    0.5075929943383248,
    0.49796285517752265,
    0.5163765278586169,
    0.5067463886978147,
    0.5172760463516588,
    0.5046298745965395,
    0.5169585692364675,
    0.5218265516694005,
    0.5133075824117678,
    0.5675432562569448,
    0.5697655960632838,
    0.5738927985607704,
    0.5798719508968728,
    0.5801365151595322,
    0.5741044499708979,
    0.5797661251918091,
    0.5874384888089317,
    0.5813535107677655,
    0.5825705063759987,
    0.5948462881633949,
    0.5845282819196783,
    0.5902957828456532,
    0.5948992010159267,
    0.5834700248690406,
    0.5883909201545056,
    0.5990264035134134,
    0.588179268744378,
    0.5915127784538865,
    0.5813535107677655,
    0.6160114291761469,
    0.6276522567331605,
    0.631409069262924,
    0.6271760410603736,
    0.6352717074977512,
    0.6407217313085348,
    0.6388168686173872,
    0.6413566855389174,
    0.6395576485528335,
    0.6414095983914493,
    0.644161066723107,
    0.639345997142706,
    0.6420445526218318,
    0.6421503783268956,
    0.6360654002857294,
    0.6416741626541087,
    0.6433673739351289,
    0.6461717551193185,
    0.6497169162389544,
    0.6466479707921055,
    0.6636329964548389,
    0.6642679506852215,
    0.6658024234086459,
    0.6628922165193926,
    0.6640562992750939,
    0.6651145563257315,
    0.6652203820307953,
    0.6695592359384095,
    0.6678131118048574,
    0.667971850362453,
    0.6685538917403038,
    0.6682893274776444,
    0.667971850362453,
    0.6704587544314514,
    0.6677072860997937,
    0.6714111857770252,
    0.6672839832795386,
    0.667971850362453,
    0.6673368961320705,
    0.6682893274776444
  ],
  "val_loss": [
    1.6498343571049416,
    1.6300654593696269,
    1.6743099150025578,
    1.4654212437129088,
    1.5579069522746238,
    1.724319172783751,
    1.3761509132764755,
    1.3585287022370711,
    1.4047428023017774,
    1.338646146201569,
    1.456518308113534,
    1.3540170569023344,
    1.4679220488980544,
    1.3630406532307586,
    1.5905454556391387,
    1.418734174948288,
    1.2846208850771643,
    1.3569488720696665,
    1.5206330151005534,
    1.34018735601895,
    1.280872345210273,
    1.4132523403024502,
    1.2845315553253218,
    1.29177512899818,
    1.2545879683596575,
    1.161426600489968,
    1.2437812749321073,
    1.2712627002238328,
    1.2194927627974574,
    1.1961879823814037,
    1.2134934383206255,
    1.4861592532114372,
    1.5012470019670792,
    1.1681763587949052,
    1.229241372824964,
    1.2205428484762657,
    1.2096335703063485,
    1.219252401663859,
    1.5003250805006116,
    1.2020093323939596,
    1.1435721888956312,
    1.1570614757706195,
    1.1491546879978716,
    1.124394894117979,
    1.137152927900346,
    1.174785441840078,
    1.1598477972345445,
    1.144712565056162,
    1.1531012806138379,
    1.157500673061301,
    1.1914350414060595,
    1.1480527978843063,
    1.1901261894382087,
    1.1411811909484495,
    1.307615052869722,
    1.1388759758848466,
    1.155241863611863,
    1.1820572998980283,
    1.2234266066146493,
    1.2623516698688315,
    1.129923776344928,
    1.1269878473062196,
    1.1209186794572392,
    1.167294210941107,
    1.1314880770094617,
    1.163877499084108,
    1.1364076729150365,
    1.1673427525655848,
    1.1939638684422296,
    1.155441687404084,
    1.1558948936289684,
    1.151986932582723,
    1.168925716213678,
    1.2054205567042457,
    1.1290948167190054,
    1.172803377392292,
    1.147943238769352,
    1.1447879632319669,
    1.1276600319915935,
    1.1453933794606437
  ],
  "val_acc": [
    0.363367069859294,
    0.3525055541841521,
    0.37447543816341644,
    0.4492717847445075,
    0.4196494692668477,
    0.37077264872870896,
    0.4895087632683288,
    0.5104912367316712,
    0.48679338434954333,
    0.5020982473463342,
    0.4542088373241175,
    0.49913601579856826,
    0.48284374228585536,
    0.5154282893112812,
    0.42754875339422366,
    0.4732164897556159,
    0.5359170575166625,
    0.5149345840533202,
    0.4332263638607751,
    0.5174031103431251,
    0.5354233522587015,
    0.48728708960750433,
    0.536657615403604,
    0.535176499629721,
    0.5373981732905455,
    0.5818316465070353,
    0.5519624784003949,
    0.5452974574179215,
    0.5682547519131079,
    0.5670204887682054,
    0.5598617625277709,
    0.4672920266600839,
    0.4756850160454209,
    0.5823253517649963,
    0.5517156257714144,
    0.5652925203653419,
    0.5687484571710689,
    0.5645519624784004,
    0.4880276474944458,
    0.5685016045420884,
    0.5944211305850408,
    0.5862749938286843,
    0.5867686990866453,
    0.6023204147124167,
    0.5981239200197482,
    0.5855344359417428,
    0.5941742779560603,
    0.5981239200197482,
    0.5931868674401383,
    0.5936805726980993,
    0.5786225623302889,
    0.5968896568748457,
    0.5855344359417428,
    0.6023204147124167,
    0.547519131078746,
    0.5991113305356702,
    0.5912120464082943,
    0.5852875833127623,
    0.5751666255245619,
    0.5652925203653419,
    0.6030609725993582,
    0.6062700567761047,
    0.6079980251789682,
    0.5899777832633918,
    0.6035546778573192,
    0.5956553937299432,
    0.6057763515181437,
    0.5919526042952358,
    0.5828190570229573,
    0.5988644779066897,
    0.6035546778573192,
    0.6000987410515922,
    0.5949148358430018,
    0.5899777832633918,
    0.6075043199210072,
    0.5919526042952358,
    0.6018267094544557,
    0.5988644779066897,
    0.6082448778079487,
    0.6047889410022217
  ],