{
  "train_loss": [
    1.8384104167569726,
    1.6187595503040524,
    1.5596313151779715,
    1.5020003830862294,
    1.4658229661894342,
    1.4236090313234913,
    1.3909473854512708,
    1.3506723847552964,
    1.3180591092800302,
    1.3161087718466307,
    1.291231397769152,
    1.301718366103824,
    1.2663100064273238,
    1.2443621786511319,
    1.2129725335412926,
    1.2107618199740835,
    1.1913108793069938,
    1.1639276071264821,
    1.1719795943021556,
    1.1633938842417515,
    1.0722852208338265,
    1.053347800447457,
    1.03954716693862,
    1.0315582878353327,
    1.0230304584636336,
    1.0150256963875555,
    1.011814115003619,
    0.9906852881856457,
    0.9901363156776405,
    0.9831673166499408,
    0.9772200646280851,
    0.9728603530359081,
    0.964822369053831,
    0.9591136399207381,
    0.9560957045708153,
    0.9453594121840828,
    0.9451174188813305,
    0.935236122675788,
    0.9323920596100669,
    0.9172827364849446,
    0.8733160486425344,
    0.8586234575577073,
    0.8591092121415552,
    0.8550799048103354,
    0.8482152472931564,
    0.8484526428330104,
    0.8369512996254121,
    0.8433207903965322,
    0.8357364208495247,
    0.8291581764202437,
    0.8327058000489321,
    0.8360636474521338,
    0.8225100910756261,
    0.8198777188781575,
    0.8183478239304819,
    0.8143406944663345,
    0.806541855597911,
    0.8081075209424872,
    0.8040617703015775,
    0.8074043587552194,
    0.7713044303764726,
    0.7663217266608026,
    0.7639769921762058,
    0.7581868088392271,
    0.75925094470549,
    0.7557846718877469,
    0.7582567517711291,
    0.7567573676339566,
    0.7563911440800929,
    0.7516589347714272,
    0.7496707572919046,
    0.7479551074799616,
    0.7509195776009598,
    0.7413141514333362,
    0.7488890322827177,
    0.7375049782823087,
    0.7417378710710486,
    0.7367083717094413,
    0.7357531123472143,
    0.7362896228510871
  ],
  "train_acc": [
    0.30091539234880155,
    0.4030901105878618,
    0.4297581882639293,
    0.45637335308746496,
    0.47589819567172864,
    0.4869569818508916,
    0.5094978570294725,
    0.5270120112175247,
    0.5424096513043019,
    0.5443674268479813,
    0.552463093285359,
    0.5409280914334091,
    0.5605058468702048,
    0.5750039684639399,
    0.5790782581088947,
    0.5762209640721732,
    0.5911423884861633,
    0.6021482618127943,
    0.593893856817821,
    0.5985501878406265,
    0.6330493676914123,
    0.6378115244192815,
    0.645060585216149,
    0.6469125350547648,
    0.6509868246997196,
    0.6536853801788455,
    0.6557489814275888,
    0.6610402666807768,
    0.6607227895655855,
    0.6603523995978623,
    0.6681305889200487,
    0.6712524472194296,
    0.6704587544314514,
    0.6735806127308324,
    0.6749034340441293,
    0.6756971268321075,
    0.6791364622466797,
    0.679453939361871,
    0.68252288480872,
    0.6880787343245675,
    0.7051166728398328,
    0.7130536007196148,
    0.7126832107518917,
    0.7121540822265728,
    0.7163341975765913,
    0.7143235091803799,
    0.7195089687285041,
    0.7156992433462088,
    0.717392454627229,
    0.722260437060162,
    0.7207788771892693,
    0.717339541774697,
    0.724429864013969,
    0.7264934652627123,
    0.7285570665114557,
    0.7268638552304355,
    0.7278691994285412,
    0.7270225937880311,
    0.7322080533361554,
    0.7294036721519657,
    0.7433197523678502,
    0.7458595692893804,
    0.7463886978146992,
    0.7490343404412932,
    0.7497751203767395,
    0.7503042489020583,
    0.7472353034552093,
    0.7480819090957194,
    0.7491930789988889,
    0.7527911529710567,
    0.7523678501508017,
    0.753955235726758,
    0.7516799830678872,
    0.7552251441875232,
    0.7510450288375047,
    0.7561246626805651,
    0.756600878353352,
    0.7577120482565215,
    0.7557542727128419,
    0.7562834012381607
  ],
  "val_loss": [
    1.6788085000705295,
    1.5910543305172464,
    1.4914360202279089,
    1.4767433391128497,
    1.4604872320612008,
    1.3898345069299527,
    1.3438211108372788,
    1.338021540252467,
    1.3466656738161553,
    1.3775950490954543,
    1.3094436643220018,
    1.2678903871409861,
    1.325011842780798,
    1.4984689752210432,
    1.3219552282312022,
    1.2656707319003275,
    1.1889529401960603,
    1.192116192873105,
    1.2927882377758055,
    1.2640341959716181,
    1.1214157623052396,
    1.2178859379732028,
    1.1662365522004214,
    1.1115224642358144,
    1.1703275124015187,
    1.132562137151881,
    1.1951157936151284,
    1.1408884928767151,
    1.174958025584511,
    1.1596915421364344,
    1.1787745148366982,
    1.133798546526952,
    1.1099885889488699,
    1.0910509724000996,
    1.1825641970341259,
    1.2621982031807861,
    1.1375072680068878,
    1.142003663139175,
    1.2011766439156386,
    1.1375184623668828,
    1.0757463149008029,
    1.0974502571871427,
    1.076256893236517,
    1.0674164669527366,
    1.1088628197761854,
    1.116351216541099,
    1.0600380024911533,
    1.12276948515603,
    1.1158969796033458,
    1.0685557256548777,
    1.1066312690425995,
    1.0504012656738417,
    1.1001938011180645,
    1.0533478440951334,
    1.075761346821262,
    1.0524959885424576,
    1.095990410144798,
    1.0966358169670338,
    1.063687160121559,
    1.0838914867183278,
    1.045960981518628,
    1.0569433352529694,
    1.0384755807197554,
    1.0412422998318922,
    1.0671998707541,
    1.0514640087557676,
    1.062501007637863,
    1.1108589191747382,
    1.0830695900276823,
    1.1238731040603196,
    1.0563150815946964,
    1.058751919376772,
    1.0540214254866243,
    1.0475461202390781,
    1.0819793944853975,
    1.0631436221784403,
    1.0459867982644269,
    1.0588222057341623,
    1.064442517991953,
    1.073997436356858
  ],
  "val_acc": [
    0.35522093310293756,
    0.4189089113799062,
    0.46877314243396695,
    0.449024932115527,
    0.47074796346581094,
    0.49913601579856826,
    0.5354233522587015,
    0.5262898049864231,
    0.537645025919526,
    0.5107380893606517,
    0.5403604048383115,
    0.5746729202666009,
    0.532214268081955,
    0.4914835843001728,
    0.53961984695137,
    0.5581337941249074,
    0.5917057516662553,
    0.6005924463095532,
    0.5692421624290299,
    0.5527030362873364,
    0.6163910145643051,
    0.5815847938780548,
    0.5988644779066897,
    0.6166378671932856,
    0.5961490989879042,
    0.6126882251295976,
    0.5838064675388793,
    0.6129350777585781,
    0.6094791409528512,
    0.6033078252283387,
    0.5973833621328067,
    0.6250308565786226,
    0.62873364601333,
    0.630708467045174,
    0.6013330041964947,
    0.5791162675882499,
    0.6158973093063441,
    0.6178721303381881,
    0.6050357936312022,
    0.6124413725006171,
    0.638114045914589,
    0.637126635398667,
    0.6440385090101209,
    0.6447790668970624,
    0.633176993334979,
    0.634164403850901,
    0.6435448037521599,
    0.627746235497408,
    0.632189582819057,
    0.6447790668970624,
    0.6358923722537645,
    0.6556405825722044,
    0.6344112564798815,
    0.6509503826215749,
    0.6470007405578869,
    0.6529252036534189,
    0.6363860775117255,
    0.6388546038015305,
    0.6445322142680819,
    0.6413231300913355,
    0.6539126141693409,
    0.6509503826215749,
    0.6561342878301654,
    0.6576154036040484,
    0.6489755615897309,
    0.6524314983954579,
    0.6541594667983214,
    0.632683288077018,
    0.6445322142680819,
    0.636632930140706,
    0.6526783510244384,
    0.6558874352011849,
    0.6573685509750679,
    0.6541594667983214,
    0.6455196247840039,
    0.6504566773636139,
    0.6593433720069118,
    0.6558874352011849,
    0.6511972352505554,
    0.6460133300419649
  ],