{
  "train_loss": [
    2.8359408086692013,
    2.493661641375833,
    2.4753743011765894,
    2.489845089946506,
    2.459491161114395,
    2.469214923216775,
    2.4657839421238226,
    2.475753720080077,
    2.463849763058903,
    2.464657781701572,
    2.468235769497029,
    2.480564739765196,
    2.4726762494698673,
    2.458772110978978,
    2.450911261253012,
    2.456487414689541,
    2.4577791613273114,
    2.4355757222163326,
    2.4609490369640667,
    2.4571699459170318,
    2.4075813462505797,
    2.4005859985294355,
    2.400887730254316,
    2.399790799569111,
    2.3956845396112736,
    2.4000389735093037,
    2.3997305250349283,
    2.3917848294014123,
    2.395218382057971,
    2.391212928257075,
    2.390894982631843,
    2.398084446244707,
    2.3849396914730088,
    2.3919379934571827,
    2.39248823277597,
    2.3890022376379094,
    2.387474801182193,
    2.389571252364204,
    2.3929998082070267,
    2.3952760328312728,
    2.3620107080632757,
    2.3580172724718342,
    2.3658911398280265,
    2.3618586233022745,
    2.356073330648399,
    2.359926139076361,
    2.3620016237848507,
    2.363349011599584,
    2.3558675145813393,
    2.355649232533336,
    2.361640280750113,
    2.355810871192708,
    2.352511388453343,
    2.3612851332229106,
    2.3561057475423643,
    2.360711061763304,
    2.3572959307636254,
    2.3590121863267504,
    2.359776138625579,
    2.3518261622747785,
    2.3428259656488875,
    2.3404680836474654,
    2.3389707514759435,
    2.3398961030337637,
    2.339332279568428,
    2.339615669862756,
    2.338578133887585,
    2.337588729714609,
    2.33815929309522,
    2.3387189786376212,
    2.3395759081482868,
    2.3375764365931246,
    2.336482085948727,
    2.336270973520577,
    2.3391459563402326,
    2.337082011304461,
    2.3370317532567153,
    2.3367307008491265,
    2.33744628098084,
    2.3389690281856956
  ],
  "train_acc": [
    0.11005873326631038,
    0.10556114080110059,
    0.10497909942324991,
    0.10593153076882375,
    0.10339171384729351,
    0.10513783798084554,
    0.10249219535425155,
    0.1031271495846341,
    0.10222763109159215,
    0.10566696650616435,
    0.10736017778718451,
    0.10566696650616435,
    0.10598444362135563,
    0.10434414519286735,
    0.10825969628022647,
    0.10635483358907878,
    0.10847134769035399,
    0.10455579660299487,
    0.10534948939097306,
    0.10318006243716599,
    0.10407958093020794,
    0.11333933012328695,
    0.10318006243716599,
    0.1089475633631409,
    0.10455579660299487,
    0.10201597968146463,
    0.10164558971374146,
    0.11180485739986243,
    0.10402666807767606,
    0.10582570506375999,
    0.10863008624794963,
    0.10513783798084554,
    0.10439705804539923,
    0.10434414519286735,
    0.10212180538652839,
    0.10598444362135563,
    0.10603735647388751,
    0.10603735647388751,
    0.10529657653844118,
    0.10275675961691094,
    0.1041854066352717,
    0.10344462669982539,
    0.10804804487009895,
    0.10773056775490766,
    0.1063019207365469,
    0.10820678342769459,
    0.1113286417270755,
    0.10974125615111911,
    0.10794221916503519,
    0.10984708185618286,
    0.10757182919731202,
    0.11143446743213926,
    0.11339224297581883,
    0.11032329752896979,
    0.10339171384729351,
    0.1078893063125033,
    0.10677813640933383,
    0.10942377903592783,
    0.11079951320175671,
    0.11286311445050003,
    0.10836552198529023,
    0.10704270067199323,
    0.10794221916503519,
    0.11286311445050003,
    0.10677813640933383,
    0.10794221916503519,
    0.10794221916503519,
    0.1076247420498439,
    0.10386792952008042,
    0.10640774644161066,
    0.11079951320175671,
    0.10767765490237578,
    0.10519075083337742,
    0.10736017778718451,
    0.10910630192073655,
    0.10360336525742103,
    0.10852426054288587,
    0.10974125615111911,
    0.10757182919731202,
    0.10720143922958887
  ],
  "val_loss": [
    2.5722980028591476,
    2.422039693753741,
    2.533549511741275,
    2.459433419403132,
    2.424655606345573,
    2.4325326436981856,
    2.4471342014358535,
    2.503835341248513,
    2.5327675387925885,
    2.4707283393468047,
    2.4997187051302943,
    2.385978717910334,
    2.4833235775554385,
    2.440385349013222,
    2.432033904979423,
    2.489778214359297,
    2.513944501727847,
    2.4632488239014974,
    2.4987297406771067,
    2.6104480982041034,
    2.441323309429773,
    2.3658842426184705,
    2.3844047993743605,
    2.377924471199948,
    2.4194704516599774,
    2.3772606392544273,
    2.4362432640241525,
    2.387028478609959,
    2.3773252173437815,
    2.4140213742425636,
    2.3862363211772153,
    2.438005519898321,
    2.4394476387073825,
    2.4133325057626496,
    2.363181037575869,
    2.388353710782642,
    2.390083247962697,
    2.368209400723747,
    2.3691577751813897,
    2.3706422620656378,
    2.346176096386422,
    2.348092318560682,
    2.3571679193250454,
    2.3397037675415726,
    2.379240030318753,
    2.3502455407553526,
    2.362097661880628,
    2.382358628346098,
    2.359267496143977,
    2.343280258442626,
    2.3400040363634576,
    2.376009665470504,
    2.3421976796940958,
    2.361155301472439,
    2.3533785793284294,
    2.3512534908285097,
    2.3498800219735623,
    2.3353841951819856,
    2.344354218013951,
    2.3702389225838862,
    2.3396556697635056,
    2.3426858249205145,
    2.3498812748219495,
    2.337418621861988,
    2.3398945051408533,
    2.335086890886842,
    2.331662388595513,
    2.3377944721119492,
    2.332924973852924,
    2.3298670194522835,
    2.343592173464853,
    2.3290363400167644,
    2.3342179243139904,
    2.334720887256794,
    2.3319955042425073,
    2.331075912084424,
    2.3341836143437122,
    2.3417113980279174,
    2.350236595173744,
    2.336676660300145
  ],
  "val_acc": [
    0.11108368304122439,
    0.09256973586768699,
    0.11133053567020489,
    0.09256973586768699,
    0.11108368304122439,
    0.11108368304122439,
    0.09256973586768699,
    0.11108368304122439,
    0.11108368304122439,
    0.11108368304122439,
    0.09256973586768699,
    0.11108368304122439,
    0.11133053567020489,
    0.11108368304122439,
    0.09256973586768699,
    0.11133053567020489,
    0.11108368304122439,
    0.11108368304122439,
    0.09256973586768699,
    0.09256973586768699,
    0.11108368304122439,
    0.09256973586768699,
    0.11133053567020489,
    0.11108368304122439,
    0.11108368304122439,
    0.09256973586768699,
    0.09256973586768699,
    0.11108368304122439,
    0.11133053567020489,
    0.11108368304122439,
    0.09256973586768699,
    0.11108368304122439,
    0.11133053567020489,
    0.11108368304122439,
    0.11108368304122439,
    0.11108368304122439,
    0.11108368304122439,
    0.11108368304122439,
    0.09256973586768699,
    0.11108368304122439,
    0.11108368304122439,
    0.09256973586768699,
    0.09256973586768699,
    0.11108368304122439,
    0.11108368304122439,
    0.09256973586768699,
    0.09256973586768699,
    0.11133053567020489,
    0.11108368304122439,
    0.11108368304122439,
    0.11133053567020489,
    0.11108368304122439,
    0.11133053567020489,
    0.11108368304122439,
    0.09256973586768699,
    0.11133053567020489,
    0.11133053567020489,
    0.11108368304122439,
    0.11108368304122439,
    0.11108368304122439,
    0.11133053567020489,
    0.11108368304122439,
    0.11108368304122439,
    0.09256973586768699,
    0.11108368304122439,
    0.11108368304122439,
    0.11108368304122439,
    0.11108368304122439,
    0.11108368304122439,
    0.09256973586768699,
    0.11108368304122439,
    0.11108368304122439,
    0.11108368304122439,
    0.11108368304122439,
    0.11133053567020489,
    0.11108368304122439,
    0.11108368304122439,
    0.11133053567020489,
    0.11108368304122439,
    0.11108368304122439
  ],