{
  "train_loss": [
    1.9025822648850113,
    1.6634714690445045,
    1.598903748432288,
    1.5570362088549068,
    1.5393304485170822,
    1.5167466895879098,
    1.5063377874527206,
    1.4951856765867775,
    1.468059890040909,
    1.4690148359196369,
    1.42666251790012,
    1.422357445917745,
    1.4032285146475851,
    1.4014731637226974,
    1.3805828685844692,
    1.3625200219085147,
    1.432059150427384,
    1.3892405693398295,
    1.3461254324342895,
    1.3455674080969484,
    1.2211884848944663,
    1.1981500779511598,
    1.1992732137170852,
    1.2009907409067382,
    1.1918493387206015,
    1.1842147325212053,
    1.1700725927356668,
    1.171867148556213,
    1.1568344105882034,
    1.157009779595329,
    1.1512488866785577,
    1.1603839510400882,
    1.1390726834667335,
    1.154963349206383,
    1.1307227461920484,
    1.1323179389360678,
    1.1447964840825504,
    1.1203303461725425,
    1.127104676630605,
    1.113839332978928,
    1.0521451795204992,
    1.0296215170736187,
    1.0322470383637583,
    1.0336006106365796,
    1.03788884606962,
    1.019224909904586,
    1.03159200415388,
    1.0338768515918737,
    1.0196873232128432,
    1.022079039774535,
    1.0019778416819514,
    1.0134206431283237,
    1.003898528704529,
    1.0145455177517733,
    1.0143758142734451,
    1.0187476831858144,
    0.9978831593430518,
    0.994046340451464,
    0.9997513071446343,
    1.0009940434176876,
    0.9531162373323521,
    0.9506739611587071,
    0.9538061206962981,
    0.9441413157099556,
    0.9457139163812275,
    0.9457771736680213,
    0.9400057734351551,
    0.9449211442434952,
    0.9446543563410794,
    0.9375694486019105,
    0.9308555620829521,
    0.927594099823545,
    0.9323537617134114,
    0.923601640494,
    0.9274584493393592,
    0.936280656744227,
    0.9201386473557852,
    0.9249718968721792,
    0.9230663474070111,
    0.9211152154165527
  ],
  "train_acc": [
    0.2930313773215514,
    0.40324884914545744,
    0.42838245409810044,
    0.4466903010741309,
    0.4585956928938039,
    0.4609767712577385,
    0.47383459442298537,
    0.4765860627546431,
    0.4878035874914017,
    0.4882268903116567,
    0.5090745542092174,
    0.5075400814857929,
    0.5188105190750834,
    0.5206095560611672,
    0.5280702682681624,
    0.5380178845441558,
    0.5119847610984708,
    0.5286523096460131,
    0.5424096513043019,
    0.5469072437695116,
    0.5919360812741414,
    0.600084660564051,
    0.5982327107254352,
    0.5951108524260543,
    0.6046880787343246,
    0.600931266204561,
    0.6082332398539605,
    0.6071220699507911,
    0.6158526906185512,
    0.6148473464204455,
    0.6156410392084237,
    0.6104026668077676,
    0.6184454203926134,
    0.6141065664849992,
    0.6224667971850363,
    0.6200857188211016,
    0.616434731996402,
    0.625218265516694,
    0.6235779670882057,
    0.627863908143288,
    0.6553785914598657,
    0.6625218265516694,
    0.6605111381554579,
    0.6577596698238002,
    0.6545848986718874,
    0.6608815281231811,
    0.6568601513307583,
    0.6567014127731626,
    0.6663315519339648,
    0.6641092121276257,
    0.6725223556801947,
    0.6622043494364781,
    0.6716228371871528,
    0.6655907719985185,
    0.6617810466162231,
    0.6638446478649664,
    0.6699825387586644,
    0.673739351288428,
    0.6709878829567703,
    0.6697179744960051,
    0.689189904227737,
    0.6930525424625642,
    0.6862796973384835,
    0.6934758452828192,
    0.694004973808138,
    0.6934229324302873,
    0.6927879781999048,
    0.6924175882321816,
    0.6905127255410339,
    0.69575109794169,
    0.6973384835176465,
    0.7000370389967723,
    0.6989787819461347,
    0.7001428647018361,
    0.6989787819461347,
    0.6919413725593947,
    0.7019948145404519,
    0.6990846076511985,
    0.6986083919784115,
    0.7007778189322187
  ],
  "val_loss": [
    1.7239648840107429,
    1.6046641590327193,
    1.557798300810098,
    1.5702967970573245,
    1.5229995726797954,
    1.6750398625967695,
    1.593063266027824,
    1.4826419689382793,
    1.5398452946362489,
    1.4272994427351893,
    1.3783000806180412,
    1.4421239405362338,
    1.6255771889008415,
    1.564239013194655,
    1.3814537947602654,
    1.6640259759991929,
    1.5816252422626362,
    1.4033766899695619,
    1.5975987813135175,
    1.4569459036134487,
    1.3615371032247507,
    1.4240299506209293,
    1.3331441942664033,
    1.267729297027252,
    1.2978506915569779,
    1.2791317478923845,
    1.2802331854884654,
    1.2491569241499467,
    1.3213346623156004,
    1.315473204463113,
    1.322219643942594,
    1.2608024313700512,
    1.3109988708804448,
    1.2488629064193888,
    1.2481550060884814,
    1.2289280824261433,
    1.3264024159910133,
    1.2915117293046257,
    1.2735620327111195,
    1.2156425968175835,
    1.194296607445795,
    1.2226184524911548,
    1.2542421508555717,
    1.2438785948394442,
    1.1823078268584457,
    1.1888858584753825,
    1.3717201054500485,
    1.2045483613133512,
    1.2627488771735125,
    1.1804145879428634,
    1.2171717035574032,
    1.2603096096515618,
    1.3197407227023703,
    1.1708208711880506,
    1.317798533961611,
    1.2764831044525387,
    1.173014281334942,
    1.1822614483323681,
    1.2754523938934228,
    1.238029452389999,
    1.2092603591459177,
    1.1990058979961888,
    1.1782395107725974,
    1.1993876493431899,
    1.1601626191217882,
    1.1626132680644834,
    1.171105955730773,
    1.3278921469142895,
    1.202139013654713,
    1.1605098971388557,
    1.1913542988217294,
    1.1641826864327913,
    1.16760811416257,
    1.1658312205700392,
    1.1968019741116163,
    1.1849779705291503,
    1.1837581218751931,
    1.1644729490148191,
    1.1747151584063171,
    1.21936013354874
  ],
  "val_acc": [
    0.3811404591458899,
    0.42779560602320416,
    0.44310046901999506,
    0.4339669217477166,
    0.4650703529992594,
    0.38755862749938286,
    0.42532707973339917,
    0.4932115527030363,
    0.46951370032090844,
    0.5119723525055542,
    0.5299925944211306,
    0.5067884472969637,
    0.44507529005183905,
    0.45889903727474696,
    0.5290051839052086,
    0.46038015304862995,
    0.4680325845470254,
    0.53468279437176,
    0.4732164897556159,
    0.5003702789434707,
    0.532707973339916,
    0.530733152308072,
    0.5494939521105899,
    0.5754134781535424,
    0.5635645519624785,
    0.5719575413478154,
    0.5714638360898544,
    0.5786225623302889,
    0.5539372994322389,
    0.5536904468032584,
    0.5640582572204395,
    0.5741792150086399,
    0.5682547519131079,
    0.5729449518637374,
    0.5894840780054308,
    0.6018267094544557,
    0.56430510984942,
    0.5645519624784004,
    0.5872624043446063,
    0.6018267094544557,
    0.6070106146630462,
    0.5959022463589237,
    0.5830659096519378,
    0.5870155517156258,
    0.6077511725499877,
    0.6141693409034806,
    0.5588743520118489,
    0.6062700567761047,
    0.5904714885213528,
    0.6154036040483831,
    0.6028141199703777,
    0.5852875833127623,
    0.564798815107381,
    0.6242902986916811,
    0.5682547519131079,
    0.5845470254258208,
    0.6188595408541101,
    0.6082448778079487,
    0.5924463095531968,
    0.6023204147124167,
    0.6082448778079487,
    0.6104665514687732,
    0.6196000987410516,
    0.6136756356455196,
    0.62873364601333,
    0.6200938039990126,
    0.627252530239447,
    0.5778820044433474,
    0.6109602567267342,
    0.6215749197728956,
    0.6151567514194026,
    0.6245371513206616,
    0.626758824981486,
    0.6250308565786226,
    0.6131819303875586,
    0.6181189829671686,
    0.6139224882745001,
    0.627746235497408,
    0.6247840039496421,
    0.6158973093063441
  ],