{
  "train_loss": [
    1.847414520879489,
    1.6523288926651973,
    1.5912147340678173,
    1.540790237856621,
    1.5042350761426682,
    1.4966584987616227,
    1.482793837541819,
    1.4628989207183716,
    1.439558482097405,
    1.4156433225011165,
    1.420454497769481,
    1.4043619177006625,
    1.3917413775716605,
    1.3969013100788297,
    1.3909879779895915,
    1.3741423269777726,
    1.378502393563029,
    1.3380925813159428,
    1.329234712930803,
    1.3629691782025588,
    1.2237454933221008,
    1.1971874360967032,
    1.2061062332430457,
    1.2007981591097807,
    1.2060240708995127,
    1.201646484688152,
    1.1865744409534054,
    1.165690792158598,
    1.1854277346302413,
    1.1623117996259125,
    1.1611644815935396,
    1.1829713628594696,
    1.1532923779737008,
    1.1780216158518462,
    1.1513078604577034,
    1.1507104202648286,
    1.1570254133665634,
    1.15573315671543,
    1.1549808662732408,
    1.1322895607882855,
    1.0592023967829898,
    1.0507448837302606,
    1.0503333834743014,
    1.0545992108698394,
    1.040486767048686,
    1.048036006057551,
    1.0436898377140764,
    1.054127413545364,
    1.0389730508986257,
    1.0359553497589777,
    1.0308614244538925,
    1.0359107865294295,
    1.0378884115490048,
    1.0381437219440408,
    1.0303301994719034,
    1.0374207939978728,
    1.0224080497968322,
    1.019157986684684,
    1.0150711424947687,
    1.0330555697088797,
    0.9822847594026736,
    0.9727554989380713,
    0.9758491957575894,
    0.9768625293729413,
    0.9698482643867743,
    0.9699194558696919,
    0.9721361224813652,
    0.9644203864499504,
    0.964642412770876,
    0.9667105770335395,
    0.9660999755377485,
    0.9710163310979292,
    0.9677871039553798,
    0.9650962081598656,
    0.9612036534047241,
    0.957239011912428,
    0.9644143700334559,
    0.9632137683990843,
    0.9544515431039942,
    0.9576762673810781
  ],
  "train_acc": [
    0.2995925710355045,
    0.3855759563998095,
    0.4193872691676808,
    0.440023281655114,
    0.4575374358431663,
    0.46060638129001535,
    0.4662151436583946,
    0.47610984708185616,
    0.48806815175406104,
    0.4958463410762474,
    0.4950526482882692,
    0.5047886131541351,
    0.5090745542092174,
    0.5125138896237896,
    0.5105032012275782,
    0.5130959310016403,
    0.5182813905497645,
    0.534366897719456,
    0.5301867823694375,
    0.5266416212498016,
    0.5733107571829197,
    0.5779141753531933,
    0.5773321339753427,
    0.5827292449335943,
    0.5768030054500238,
    0.5767500925974919,
    0.5856923646753797,
    0.5910365627810995,
    0.5838933276892957,
    0.5929414254722473,
    0.5978623207577121,
    0.5910894756336315,
    0.5958516323615006,
    0.5902428699931214,
    0.604053124503942,
    0.5989734906608816,
    0.5950579395735224,
    0.5988676649558178,
    0.5996613577437959,
    0.6072808085083867,
    0.634478014709773,
    0.641092121276258,
    0.6391872585851103,
    0.6344251018572411,
    0.6429440711148738,
    0.6415683369490449,
    0.6402455156357479,
    0.6387110429123234,
    0.645060585216149,
    0.6445314566908302,
    0.6458013651515954,
    0.6432086353775333,
    0.6440023281655114,
    0.6449018466585533,
    0.6443198052807027,
    0.6464892322345097,
    0.6514101275199746,
    0.651198476109847,
    0.6541615958516324,
    0.6456426265939997,
    0.6673898089846023,
    0.6718344885972802,
    0.6718344885972802,
    0.666649029049156,
    0.6670194190168792,
    0.6703000158738558,
    0.6703529287263876,
    0.6703529287263876,
    0.6687126302978994,
    0.6726810942377903,
    0.6700883644637282,
    0.6717286628922166,
    0.6705645801365152,
    0.6730514842055135,
    0.6732102227631092,
    0.6753267368643844,
    0.6711995343668977,
    0.6708820572517065,
    0.6747446954865337,
    0.6735806127308324
  ],
  "val_loss": [
    1.6306554752798335,
    1.7165514032096592,
    1.5207268647233942,
    1.4832325434631368,
    1.5019783093091301,
    1.5317395508934626,
    1.4916911469356817,
    1.386325938809057,
    1.4500813077132957,
    1.5662929461931132,
    1.410131730711769,
    1.5299400502713567,
    1.4518400513260228,
    1.662715714822916,
    1.3802628325907764,
    1.4274666057082888,
    1.5238858891137943,
    1.468934364771872,
    1.5968754220056842,
    1.3539179548272522,
    1.3010162004568224,
    1.3536462525656463,
    1.3535634662261784,
    1.3131665184451766,
    1.3203564137253494,
    1.2398672555464747,
    1.2255270243213283,
    1.303607038465937,
    1.324196737090711,
    1.2439575904631093,
    1.3434582895017237,
    1.4443577506186283,
    1.2479797885254833,
    1.3115061848311729,
    1.2937784002727886,
    1.3899143467582173,
    1.2150536604788844,
    1.196212897003469,
    1.4437505352806843,
    1.2656188987607173,
    1.1863030367964518,
    1.1990854439238003,
    1.311702930276409,
    1.1988872551080418,
    1.2101866786278306,
    1.2299623243967102,
    1.2993856460346986,
    1.322651255436939,
    1.3299273371250855,
    1.2456670046486327,
    1.2171334823373967,
    1.212925630615831,
    1.1808741410490642,
    1.1781959961839483,
    1.2843315136886944,
    1.2255651393261917,
    1.234529928206087,
    1.2218166206590964,
    1.3035041135579861,
    1.2841864711861977,
    1.1518844772504908,
    1.1814892585996732,
    1.2097849564066527,
    1.1815882323265008,
    1.2020018864982194,
    1.188428581006568,
    1.2636109128924158,
    1.1993390294957478,
    1.2356868793515603,
    1.193707303765061,
    1.1734535746879962,
    1.2522537664352176,
    1.2409515554005555,
    1.197822042844248,
    1.2275646108923672,
    1.2229921701584956,
    1.1651181496455185,
    1.174540380057118,
    1.1739895580564415,
    1.1705058876314647
  ],
  "val_acc": [
    0.3934830905949148,
    0.3670698592940015,
    0.43125154282893113,
    0.4672920266600839,
    0.46013330041964945,
    0.4527277215502345,
    0.44606270056776104,
    0.5075290051839052,
    0.4892619106393483,
    0.448531226857566,
    0.4912367316711923,
    0.451493458405332,
    0.4650703529992594,
    0.41495926931621824,
    0.5006171315724512,
    0.5137003209084177,
    0.46951370032090844,
    0.4759318686744014,
    0.452480868921254,
    0.5262898049864231,
    0.5383855838064675,
    0.5220933102937546,
    0.5122192051345347,
    0.5393729943223895,
    0.5309800049370526,
    0.5596149098987904,
    0.5726980992347569,
    0.5443100469019995,
    0.538632436435448,
    0.5640582572204395,
    0.5230807208096766,
    0.4964206368797828,
    0.5645519624784004,
    0.540607257467292,
    0.5529498889163169,
    0.5290051839052086,
    0.5791162675882499,
    0.5981239200197482,
    0.5058010367810417,
    0.5598617625277709,
    0.5968896568748457,
    0.5872624043446063,
    0.5443100469019995,
    0.5847938780548013,
    0.5892372253764503,
    0.5741792150086399,
    0.5613428783016539,
    0.5529498889163169,
    0.5490002468526289,
    0.5768945939274254,
    0.5828190570229573,
    0.5828190570229573,
    0.5949148358430018,
    0.5998518884226117,
    0.5699827203159714,
    0.5936805726980993,
    0.5793631202172304,
    0.5870155517156258,
    0.5620834361885954,
    0.5645519624784004,
    0.6079980251789682,
    0.6030609725993582,
    0.5899777832633918,
    0.6010861515675142,
    0.5912120464082943,
    0.6025672673413972,
    0.5724512466057764,
    0.5946679832140213,
    0.5815847938780548,
    0.5971365095038262,
    0.6050357936312022,
    0.5729449518637374,
    0.5870155517156258,
    0.5946679832140213,
    0.5857812885707233,
    0.5882498148605283,
    0.6094791409528512,
    0.6028141199703777,
    0.6045420883732412,
    0.6112071093557147
  ],